citation_key,claim_id,manuscript_location,verified_scholarly_identifier,source_locator,support_paraphrase,evidence_sha256,verification_status
altamimi2023_01,REF-01,"Section Foundations and Related Work / Oracle scarcity and relation validity, source line 178",doi:10.1002/smr.2509,https://doi.org/10.1002/smr.2509,"A systematic review of relation automation classifies generation, detection, and selection methods, and finds that automation remains strongest in domains with accessible mathematical structure .",b183ac20930b4d4f3b004b028d11e989df269dc2f8e01902727ea2928bbbe2d3,VERIFIED_SCHOLARLY_IDENTIFIER_AND_LOCAL_SENTENCE_SUPPORT
andrews2005_02,REF-02,"Section Foundations and Related Work / Mutation evidence and the unresolved oracle boundary, source line 198",doi:10.1145/1062455.1062530,https://doi.org/10.1145/1062455.1062530,"Comparisons among mutation-generated, hand-seeded, and known faults treat mutation as an experimental instrument whose representativeness must be examined .",e0994fb47876522aca89186fc1c39379ad84a3592172d051a847d9eccb3ec911,VERIFIED_SCHOLARLY_IDENTIFIER_AND_LOCAL_SENTENCE_SUPPORT
aschermann2019_03,REF-03,"Section Foundations and Related Work / Staged toolchains and watermark obligations, source line 192",doi:10.14722/ndss.2019.23412,https://doi.org/10.14722/ndss.2019.23412,NAUTILUS preserves grammatical structure while generating inputs that reach deep parser states .,4ff74773c5aa976094291fa0181557df59d3f7ab09a637a2dc2d25b8df0c8d46,VERIFIED_SCHOLARLY_IDENTIFIER_AND_LOCAL_SENTENCE_SUPPORT
ayerdi2025marmot,REF-04,"Section Foundations and Related Work / Oracle scarcity and relation validity, source line 184",doi:10.1145/3678171,https://doi.org/10.1145/3678171,MarMot checks relations at runtime in autonomous-driving software rather than only in an offline harness .,597ae4d51bdb8487197fa3b0974e000ff2ae56af2b9fbdf85532b703108fe634,VERIFIED_SCHOLARLY_IDENTIFIER_AND_LOCAL_SENTENCE_SUPPORT
barr2015_05,REF-05,"Section Foundations and Related Work / Oracle scarcity and relation validity, source line 176",doi:10.1109/tse.2014.2372785,https://doi.org/10.1109/tse.2014.2372785,"Modern accounts broaden the problem to expensive, partial, and fallible decision procedures .",3c7abd0fb253c039ad13b20097aa61bd01a35ec8644150579b0aaa49d4d3fd3e,VERIFIED_SCHOLARLY_IDENTIFIER_AND_LOCAL_SENTENCE_SUPPORT
blasi2021_06,REF-06,"Section Foundations and Related Work / Oracle scarcity and relation validity, source line 180",doi:10.1016/j.jss.2021.111041,https://doi.org/10.1016/j.jss.2021.111041,MeMo extracts relation-like statements from documentation and turns some into executable tests .,3ee2450f3de51159fa1700d898f3b4b9f01236b9d12783dfc7a4cef4d68f204f,VERIFIED_SCHOLARLY_IDENTIFIER_AND_LOCAL_SENTENCE_SUPPORT
chen2016_07,REF-07,"Section Foundations and Related Work / Staged toolchains and watermark obligations, source line 190",doi:10.1145/2884781.2884878,https://doi.org/10.1145/2884781.2884878,Comparative studies confirm that generator assumptions and oracle forms change which compiler defects are found .,a444e7a72d571a231e15686cec6a541eecaf261bba86fed32f4f287b9ce8d305,VERIFIED_SCHOLARLY_IDENTIFIER_AND_LOCAL_SENTENCE_SUPPORT
chen2022compiler,REF-08,"Section Foundations and Related Work / Staged toolchains and watermark obligations, source line 190",doi:10.1145/3508362,https://doi.org/10.1145/3508362,Optimization-exploration methods search pass spaces for greater behavioral diversity .,2d6db095a37fc49024f46a2c40df08265896aaa7d2c92b29057b2c9aafb95776,VERIFIED_SCHOLARLY_IDENTIFIER_AND_LOCAL_SENTENCE_SUPPORT
chen2018mt,REF-09,"Section Introduction, source line 116",doi:10.1145/3143561,https://doi.org/10.1145/3143561,Metamorphic testing addresses oracle scarcity by relating several executions instead of judging one output in isolation .,8f9b74d4ad4ae20dd06966e6774aefe0d09e0d85e3bc3b964ab2920a4dd44693,VERIFIED_SCHOLARLY_IDENTIFIER_AND_LOCAL_SENTENCE_SUPPORT
chen2016_10,REF-10,"Section Foundations and Related Work / Oracle scarcity and relation validity, source line 180",doi:10.1016/j.jss.2015.07.037,https://doi.org/10.1016/j.jss.2015.07.037,"METRIC derives candidates from category-choice models, so domain partitions are made explicit before tests are generated .",3a8f91e353d9b0d824532948260c49a403634d0495ff71c044437ffa9f85a1e8,VERIFIED_SCHOLARLY_IDENTIFIER_AND_LOCAL_SENTENCE_SUPPORT
chen2003_11,REF-11,"Section Foundations and Related Work / Oracle scarcity and relation validity, source line 176",doi:10.1016/s0950-5849(02)00129-5,https://doi.org/10.1016/s0950-5849(02)00129-5,Necessary behavioral properties can still reveal faults when a complete expected output cannot be written .,b28eb28a80144702a8ac81acc14d129dd0f74af3ec40a9ed4c723adebc8a97dd,VERIFIED_SCHOLARLY_IDENTIFIER_AND_LOCAL_SENTENCE_SUPPORT
chen2011_12,REF-12,"Section Foundations and Related Work / Oracle scarcity and relation validity, source line 176",doi:10.1109/tse.2010.23,https://doi.org/10.1109/tse.2010.23,Semi-proving strengthens such tests with symbolic reasoning while remaining distinct from a full proof .,980320d874b7e65b75ca9495edc52d0f409751ab6ec6b65965a6ba6490fd0245,VERIFIED_SCHOLARLY_IDENTIFIER_AND_LOCAL_SENTENCE_SUPPORT
clark2024causal,REF-13,"Section Foundations and Related Work / Oracle scarcity and relation validity, source line 184",doi:10.1145/3607184,https://doi.org/10.1145/3607184,Causality testing turns an assumed causal intervention in a scientific model into an executable relation .,01fc32ecd026faa9e85921b51af0f45fe8eea666f075b510d4b03412dc9d99ce,VERIFIED_SCHOLARLY_IDENTIFIER_AND_LOCAL_SENTENCE_SUPPORT
collberg2004_14,REF-14,"Section Foundations and Related Work / Staged toolchains and watermark obligations, source line 194",doi:10.1145/996841.996856,https://doi.org/10.1145/996841.996856,Dynamic path-based watermarking makes execution inputs and traces part of recognition .,9e8f720db85021755fe4dd828a64d8072854b152f787f47f3ebea6b08942e4d6,VERIFIED_SCHOLARLY_IDENTIFIER_AND_LOCAL_SENTENCE_SUPPORT
collberg2009_15,REF-15,"Section Foundations and Related Work / Staged toolchains and watermark obligations, source line 194",doi:10.1016/j.infsof.2008.09.016,https://doi.org/10.1016/j.infsof.2008.09.016,Detailed analysis of graph-theoretic marks reports concrete attacks and implementation trade-offs rather than one undifferentiated robustness score .,fd3930629b57af2e6792380cbdbe9f23c292459035ac218db12a8708d0b2b0db,VERIFIED_SCHOLARLY_IDENTIFIER_AND_LOCAL_SENTENCE_SUPPORT
collberg1999watermark,REF-16,"Section Introduction, source line 114",doi:10.1145/292540.292569,https://doi.org/10.1145/292540.292569,Robustness under semantics-preserving transformation is part of the classical watermark model .,9fcb1b06f2a354453eeb4ceb5d7c1018bd81c856d424a5027e1cda3994cc5eb1,VERIFIED_SCHOLARLY_IDENTIFIER_AND_LOCAL_SENTENCE_SUPPORT
collberg2007_17,REF-17,"Section Foundations and Related Work / Staged toolchains and watermark obligations, source line 194",doi:10.1145/1286821.1286826,https://doi.org/10.1145/1286821.1286826,Dynamic graph-based fingerprinting adds instance identity and attribution to payload recovery .,43abc45c382d967f0a14a3fcd3506274d11ffdc6a5fae796337e1d47a1f5bc90,VERIFIED_SCHOLARLY_IDENTIFIER_AND_LOCAL_SENTENCE_SUPPORT
thomborson2002_18,REF-18,"Section Foundations and Related Work / Staged toolchains and watermark obligations, source line 194",doi:10.1109/tse.2002.1027797,https://doi.org/10.1109/tse.2002.1027797,"Software-protection surveys place watermarking beside tamper-proofing and obfuscation, where the same transformation can be intended in one context and adversarial in another .",02e92eaa435e79298332ef2ae10f393af96734f3dac39c721b453184852a48aa,VERIFIED_SCHOLARLY_IDENTIFIER_AND_LOCAL_SENTENCE_SUPPORT
cousot2004_19,REF-19,"Section Foundations and Related Work / Staged toolchains and watermark obligations, source line 194",doi:10.1145/964001.964016,https://doi.org/10.1145/964001.964016,Abstract-interpretation-based watermarking formulates embedding and extraction over semantic abstractions .,99dc64ce4b2a829677a3af0e404aafac187d07c4e2332c4e03ce1f2c1ba820b4,VERIFIED_SCHOLARLY_IDENTIFIER_AND_LOCAL_SENTENCE_SUPPORT
demillo1978_20,REF-20,"Section Foundations and Related Work / Mutation evidence and the unresolved oracle boundary, source line 198",doi:10.1109/c-m.1978.218136,https://doi.org/10.1109/c-m.1978.218136,Mutation analysis asks whether tests distinguish a program from plausible nearby alternatives .,2393b4f45149b2647b2327111f39d7ac17441de20699ab2a3b624d47711db1dd,VERIFIED_SCHOLARLY_IDENTIFIER_AND_LOCAL_SENTENCE_SUPPORT
dey2019_21,REF-21,"Section Foundations and Related Work / Staged toolchains and watermark obligations, source line 194",doi:10.1007/s41403-018-0058-8,https://doi.org/10.1007/s41403-018-0058-8,"Reviews of software watermarking also find evaluation fragmented across threat models, carriers, and empirical settings .",f8a5b0330b21fdd29b31f2fbac2f26b6d5b8e464f221821b5664df9fa5f5988f,VERIFIED_SCHOLARLY_IDENTIFIER_AND_LOCAL_SENTENCE_SUPPORT
donaldson2017_22,REF-22,"Section Foundations and Related Work / Staged toolchains and watermark obligations, source line 190",doi:10.1145/3133917,https://doi.org/10.1145/3133917,Shader compiler testing combines constrained generation with differential oracles .,21e1d5798e59ece149c505459843d0f43a510cf44d80078e5a53194e9d1e8b79,VERIFIED_SCHOLARLY_IDENTIFIER_AND_LOCAL_SENTENCE_SUPPORT
dutra2024formatfuzzer,REF-23,"Section Foundations and Related Work / Staged toolchains and watermark obligations, source line 192",doi:10.1145/3628157,https://doi.org/10.1145/3628157,FormatFuzzer compiles binary-format specifications into generators and parsers .,61cc2a8f40a55c78bc7914cbf9867f2f59ab74ff44d0890514594ed971d3cfb7,VERIFIED_SCHOLARLY_IDENTIFIER_AND_LOCAL_SENTENCE_SUPPORT
gmezabajo2023_24,REF-24,"Section Foundations and Related Work / Oracle scarcity and relation validity, source line 180",doi:10.1016/j.infsof.2023.107164,https://doi.org/10.1016/j.infsof.2023.107164,"Domain-specific metamorphic environments show that execution also requires generators, adapters, and observation logic .",c20be9e33d0ceaa85e72d3b679e723a956bdabb4a2f1bbb36260f50cdb5d1b81,VERIFIED_SCHOLARLY_IDENTIFIER_AND_LOCAL_SENTENCE_SUPPORT
lim2009_25,REF-25,"Section Foundations and Related Work / Staged toolchains and watermark obligations, source line 194",doi:10.1016/j.infsof.2009.04.011,https://doi.org/10.1016/j.infsof.2009.04.011,Control-flow similarity has also been used to support theft detection for Java programs .,129c0bb09eef424964bdcdd1a46873c1248436a1d040ffe33d584553a66c9887,VERIFIED_SCHOLARLY_IDENTIFIER_AND_LOCAL_SENTENCE_SUPPORT
jia2011mutation,REF-26,"Section Foundations and Related Work / Mutation evidence and the unresolved oracle boundary, source line 198",doi:10.1109/tse.2010.62,https://doi.org/10.1109/tse.2010.62,"The mutation-testing survey documents operator design, equivalent mutants, cost controls, and the limits of mutation score as a quality proxy .",1e51226a3a330c880e21077449e64c95a629fb271330e68d1f43cccd15861e27,VERIFIED_SCHOLARLY_IDENTIFIER_AND_LOCAL_SENTENCE_SUPPORT
jiang2017_27,REF-27,"Section Foundations and Related Work / Oracle scarcity and relation validity, source line 184",doi:10.1016/j.jss.2016.04.002,https://doi.org/10.1016/j.jss.2016.04.002,Metamorphic oracles have also been used to assess candidate program repairs when the original tests are incomplete .,22e135c64fdc340532e333089183129f762ff42e696bdcaaf1c9e20f07eec510,VERIFIED_SCHOLARLY_IDENTIFIER_AND_LOCAL_SENTENCE_SUPPORT
just2014_28,REF-28,"Section Foundations and Related Work / Mutation evidence and the unresolved oracle boundary, source line 198",doi:10.1145/2635868.2635929,https://doi.org/10.1145/2635868.2635929,Direct comparison with real faults finds useful correlation but not universal substitutability .,a5164d7404648d647a9aa713c29588c1761a20542a408f6da0d0a5d632684cc4,VERIFIED_SCHOLARLY_IDENTIFIER_AND_LOCAL_SENTENCE_SUPPORT
bieman2013_29,REF-29,"Section Foundations and Related Work / Oracle scarcity and relation validity, source line 180",doi:10.1109/issre.2013.6698899,https://doi.org/10.1109/issre.2013.6698899,"Program features can predict candidate relations, although prediction alone does not prove their semantic validity .",241772215270dc42fe06618fea55d9e7a2fb3d4757b61588ad1d832eafe79bae,VERIFIED_SCHOLARLY_IDENTIFIER_AND_LOCAL_SENTENCE_SUPPORT
kanewala2016_30,REF-30,"Section Foundations and Related Work / Oracle scarcity and relation validity, source line 180",doi:10.1002/stvr.1594,https://doi.org/10.1002/stvr.1594,Graph-kernel models extend that idea to structural representations of scientific programs .,7f60b4791d8edf8d9171e391e334e25d9aaf2f3f2e6b7be1e7375681b5692938,VERIFIED_SCHOLARLY_IDENTIFIER_AND_LOCAL_SENTENCE_SUPPORT
klees2018_31,REF-31,"Section Foundations and Related Work / Staged toolchains and watermark obligations, source line 192",doi:10.1145/3243734.3243804,https://doi.org/10.1145/3243734.3243804,"Evaluations of fuzzers show how benchmark choice, protocol, and environment can distort reported effectiveness .",7d20ff326b195505c5e3242bc165f6d291092e1b9574d8fa5c90b03355db12e1,VERIFIED_SCHOLARLY_IDENTIFIER_AND_LOCAL_SENTENCE_SUPPORT
le2014emi,REF-32,"Section Foundations and Related Work / Staged toolchains and watermark obligations, source line 190",doi:10.1145/2594291.2594334,https://doi.org/10.1145/2594291.2594334,"Equivalence modulo inputs mutates code that is dead for the tested input, reducing false alarms while preserving the observed behavior .",e96faafe2fec261f161fefe0d01632a2fbfcdd980a0f11cabdca343102243220,VERIFIED_SCHOLARLY_IDENTIFIER_AND_LOCAL_SENTENCE_SUPPORT
le2015_33,REF-33,"Section Foundations and Related Work / Staged toolchains and watermark obligations, source line 190",doi:10.1145/2814270.2814319,https://doi.org/10.1145/2814270.2814319,Guided stochastic mutation directs program changes toward deeper compiler states .,d5a777f8a306c3e4ed36a990a7d3f5f47c6b90e90b3c4e217fc7fec2495da7d5,VERIFIED_SCHOLARLY_IDENTIFIER_AND_LOCAL_SENTENCE_SUPPORT
le2015_34,REF-34,"Section Foundations and Related Work / Staged toolchains and watermark obligations, source line 190",doi:10.1145/2771783.2771785,https://doi.org/10.1145/2771783.2771785,Randomized link-time-optimization tests target whole-program interactions .,f08448445cfd285453a43015b857606168265a660adbbb9507476faa2ff6146c,VERIFIED_SCHOLARLY_IDENTIFIER_AND_LOCAL_SENTENCE_SUPPORT
leroy2009_35,REF-35,"Section Foundations and Related Work / Staged toolchains and watermark obligations, source line 188",doi:10.1145/1538788.1538814,https://doi.org/10.1145/1538788.1538814,CompCert instead proves a realistic compiler against a formal semantics .,f2ec9f8245cb8455fba4ddae73b355b9917bce6f9318a00c6d01deb2db0ecff1,VERIFIED_SCHOLARLY_IDENTIFIER_AND_LOCAL_SENTENCE_SUPPORT
li2025generation,REF-36,"Section Foundations and Related Work / Oracle scarcity and relation validity, source line 178",doi:10.1145/3708521,https://doi.org/10.1145/3708521,"A later review identifies specification, soundness, and evaluation as continuing obstacles to automated generation .",f4f52a849ba979dd99d52cccbb99f6f22f7d379c815fb70053ea79fc09ad2899,VERIFIED_SCHOLARLY_IDENTIFIER_AND_LOCAL_SENTENCE_SUPPORT
lidbury2015_37,REF-37,"Section Foundations and Related Work / Staged toolchains and watermark obligations, source line 190",doi:10.1145/2737924.2737986,https://doi.org/10.1145/2737924.2737986,Many-core compiler fuzzing uses target diversity to reach defects absent from conventional CPU tests .,fd6a5894a9d0384c4aa42855911f7831bcb7e8a90ea887ce688591a9667f206b,VERIFIED_SCHOLARLY_IDENTIFIER_AND_LOCAL_SENTENCE_SUPPORT
liu2014cost,REF-38,"Section Foundations and Related Work / Oracle scarcity and relation validity, source line 178",doi:10.1109/tse.2013.46,https://doi.org/10.1109/tse.2013.46,Empirical work on oracle-cost reduction likewise shows that the benefit depends on which relations are available and selected .,0fb2cd2f5af49cb596daf59c0695a4ad287e667e7287a4a53e7f7de78eebee4c,VERIFIED_SCHOLARLY_IDENTIFIER_AND_LOCAL_SENTENCE_SUPPORT
livinskii2020_39,REF-39,"Section Foundations and Related Work / Staged toolchains and watermark obligations, source line 190",doi:10.1145/3428264,https://doi.org/10.1145/3428264,YARPGen avoids undefined behavior while stressing arithmetic optimizations in C and C++ .,a6bafeed0b97ae99a6393d8b452d887630b62cfdadf4cae09792f2851e7d286b,VERIFIED_SCHOLARLY_IDENTIFIER_AND_LOCAL_SENTENCE_SUPPORT
livinskii2023_40,REF-40,"Section Foundations and Related Work / Staged toolchains and watermark obligations, source line 190",doi:10.1145/3591295,https://doi.org/10.1145/3591295,Later loop-focused generation targets optimization interactions in both C++ and data-parallel languages .,e687b2a153bbf7c442815a025c9fddda61295ebe24f288fc4b0e8ab1835d279c,VERIFIED_SCHOLARLY_IDENTIFIER_AND_LOCAL_SENTENCE_SUPPORT
lopes2021_41,REF-41,"Section Foundations and Related Work / Staged toolchains and watermark obligations, source line 188",doi:10.1145/3453483.3454030,https://doi.org/10.1145/3453483.3454030,Alive2 checks bounded refinement conditions for LLVM transformations and has exposed optimization defects .,79c5221220a48cb3c04fbe533a0224c7339545570479899ff486f0c515907666,VERIFIED_SCHOLARLY_IDENTIFIER_AND_LOCAL_SENTENCE_SUPPORT
ma2015_42,REF-42,"Section Foundations and Related Work / Staged toolchains and watermark obligations, source line 194",doi:10.1145/2714576.2714582,https://doi.org/10.1145/2714576.2714582,Return-oriented-programming watermarking couples recognition to executable gadget layout .,b8732cbda181da5896436f1b93ba17ba68f5455cdf5fbf8413e951c070fcb220,VERIFIED_SCHOLARLY_IDENTIFIER_AND_LOCAL_SENTENCE_SUPPORT
mans2021_43,REF-43,"Section Foundations and Related Work / Staged toolchains and watermark obligations, source line 192",doi:10.1109/tse.2019.2946563,https://doi.org/10.1109/tse.2019.2946563,"A broader survey separates generation, feedback, oracle, and triage concerns that end-to-end tools often conflate .",d28b39de05313ef0a1a76018d8ea19dc24490c4d36304056b587a4b9fd00cba8,VERIFIED_SCHOLARLY_IDENTIFIER_AND_LOCAL_SENTENCE_SUPPORT
collberg2006_44,REF-44,"Section Foundations and Related Work / Staged toolchains and watermark obligations, source line 194",doi:10.1007/s10660-006-6955-z,https://doi.org/10.1007/s10660-006-6955-z,Opaque-predicate watermarking shows that hiding a mark introduces semantic and optimization obligations .,d6547e328baa4019ca4abeac9396daed97cd9171697b24fafe482a7d402eeaf0,VERIFIED_SCHOLARLY_IDENTIFIER_AND_LOCAL_SENTENCE_SUPPORT
necula2000_45,REF-45,"Section Foundations and Related Work / Staged toolchains and watermark obligations, source line 188",doi:10.1145/349299.349314,https://doi.org/10.1145/349299.349314,Practical architectures compare source and target correspondence after optimization .,48b63d0f16f4bc78a8a7b01da8cfda60d527544ebbea0b1878b1fedfd83c88a7,VERIFIED_SCHOLARLY_IDENTIFIER_AND_LOCAL_SENTENCE_SUPPORT
offutt1989_46,REF-46,"Section Foundations and Related Work / Mutation evidence and the unresolved oracle boundary, source line 198",doi:10.1145/75309.75324,https://doi.org/10.1145/75309.75324,The coupling-effect debate warns against assuming that success on simple mutants automatically extends to arbitrary complex faults .,318b703baf7d5d82aca4161a651ed27d44f88be40611aabeed739ec550653335,VERIFIED_SCHOLARLY_IDENTIFIER_AND_LOCAL_SENTENCE_SUPPORT
ojdanic2023mutation,REF-47,"Section Foundations and Related Work / Mutation evidence and the unresolved oracle boundary, source line 198",doi:10.1145/3530786,https://doi.org/10.1145/3530786,Studies of evolving systems further show that a mutant's relevance changes as code and developer activity evolve .,ae33f44f335690035138db86042b5b452ff3665c272fce8c3f2414e9f19f15c8,VERIFIED_SCHOLARLY_IDENTIFIER_AND_LOCAL_SENTENCE_SUPPORT
pnueli1998_48,REF-48,"Section Foundations and Related Work / Staged toolchains and watermark obligations, source line 188",doi:10.1007/bfb0054170,https://doi.org/10.1007/bfb0054170,Translation validation checks a particular source-to-target run .,85d85f7a0cbbecfcc4428190ebe59fdfaac2fad6a702661f17cd9fb7abd4cfed,VERIFIED_SCHOLARLY_IDENTIFIER_AND_LOCAL_SENTENCE_SUPPORT
pasqua2019_49,REF-49,"Section Foundations and Related Work / Staged toolchains and watermark obligations, source line 194",doi:10.1017/s0960129518000038,https://doi.org/10.1017/s0960129518000038,Semantics-based watermarking develops marks intended to survive semantics-preserving transformations .,ba6818dff3b6b287cfbd6ac60e1c164b1a01efb27040efc0098bd9b63ee462f5,VERIFIED_SCHOLARLY_IDENTIFIER_AND_LOCAL_SENTENCE_SUPPORT
regehr2012_50,REF-50,"Section Foundations and Related Work / Staged toolchains and watermark obligations, source line 190",doi:10.1145/2254064.2254104,https://doi.org/10.1145/2254064.2254104,"Once a compiler failure appears, dedicated reduction can isolate a small witness .",0a43be124712939930e04246ddc88a7d595f1d8e413437040f7c8f53d42971f5,VERIFIED_SCHOLARLY_IDENTIFIER_AND_LOCAL_SENTENCE_SUPPORT
segura2015_51,REF-51,"Section Foundations and Related Work / Oracle scarcity and relation validity, source line 184",doi:10.1002/stvr.1566,https://doi.org/10.1002/stvr.1566,A later study extends that strategy across multiple variability-analysis tools .,41371a764341652d5eac7cfccceca50152cb1ddb7d8864af0ea42d1cd2b2db5e,VERIFIED_SCHOLARLY_IDENTIFIER_AND_LOCAL_SENTENCE_SUPPORT
segura2016survey,REF-52,"Section Introduction, source line 116",doi:10.1109/tse.2016.2532875,https://doi.org/10.1109/tse.2016.2532875,"Its effectiveness, however, depends on whether a proposed relation is valid for the source case and the system's support envelope .",b78043280ed856cd35fd5f83597003d7ffec227f99df611027d8d19927d21cef,VERIFIED_SCHOLARLY_IDENTIFIER_AND_LOCAL_SENTENCE_SUPPORT
segura2011_53,REF-53,"Section Foundations and Related Work / Oracle scarcity and relation validity, source line 184",doi:10.1016/j.infsof.2010.11.002,https://doi.org/10.1016/j.infsof.2010.11.002,Feature-model analyses use relations to test derived results without enumerating a complete oracle .,a2168fb7a3e40ff7634d122935e5580d187331583a67694fc043c50274fc7af7,VERIFIED_SCHOLARLY_IDENTIFIER_AND_LOCAL_SENTENCE_SUPPORT
speth2026traceable,REF-54,"Section Foundations and Related Work / Oracle scarcity and relation validity, source line 178",doi:10.1002/stvr.70020,https://doi.org/10.1002/stvr.70020,Traceability work in safety-critical testing links individual relations to explicit defect and failure hypotheses .,5ed03a4977d127da700ac7bbe2dcd59e2208eaf63b32822673cde9d20ceb3c80,VERIFIED_SCHOLARLY_IDENTIFIER_AND_LOCAL_SENTENCE_SUPPORT
gotlieb2020_54,REF-55,"Section Foundations and Related Work / Oracle scarcity and relation validity, source line 182",doi:10.1016/j.jss.2020.110574,https://doi.org/10.1016/j.jss.2020.110574,Contextual-bandit scheduling adapts relation choice to observed rewards .,83499ad50be2464101469696eeffdfa8e286afe88d5782cb246407dcfe95a849,VERIFIED_SCHOLARLY_IDENTIFIER_AND_LOCAL_SENTENCE_SUPPORT
sun2016_55,REF-56,"Section Foundations and Related Work / Staged toolchains and watermark obligations, source line 190",doi:10.1145/2983990.2984038,https://doi.org/10.1145/2983990.2984038,Live-code mutation changes executed code under transformations intended to preserve selected executions .,86cd8e2fc3568afd27bd70395bd47938cf706cb503777644d382895ee4df613c,VERIFIED_SCHOLARLY_IDENTIFIER_AND_LOCAL_SENTENCE_SUPPORT
sun2024interleaving,REF-57,"Section Foundations and Related Work / Oracle scarcity and relation validity, source line 184",doi:10.1145/3607182,https://doi.org/10.1145/3607182,Interleaving-guided testing treats schedule variation as a controlled dimension for concurrent programs .,b85ca6ef1db64c0997c51eb02c7df8098e88e19b9b27f7607c4ac3ed24ea4fd9,VERIFIED_SCHOLARLY_IDENTIFIER_AND_LOCAL_SENTENCE_SUPPORT
sun2023feedback,REF-58,"Section Foundations and Related Work / Oracle scarcity and relation validity, source line 182",doi:10.1145/3533314,https://doi.org/10.1145/3533314,Feedback-directed testing adapts both source tests and relations from execution feedback .,42a0d61492ec2619de923d75e9d8c6b050cfd17e5dc2e7e47c813bf922f95acf,VERIFIED_SCHOLARLY_IDENTIFIER_AND_LOCAL_SENTENCE_SUPPORT
sun2022_58,REF-59,"Section Foundations and Related Work / Oracle scarcity and relation validity, source line 182",doi:10.1016/j.jss.2021.111091,https://doi.org/10.1016/j.jss.2021.111091,Path-directed generation prioritizes source cases using execution paths .,cde3e55196c8b870ee8642d06673e09334d9dc22840ef20da42a7c6be381fd25,VERIFIED_SCHOLARLY_IDENTIFIER_AND_LOCAL_SENTENCE_SUPPORT
venkatesan2001graph,REF-60,"Section Introduction, source line 114",doi:10.1007/3-540-45496-9_12,https://doi.org/10.1007/3-540-45496-9_12,Structural schemes also depend on concrete graph or binary representations whose survival is determined by the intervening toolchain .,96beb09612217c15ff9bd3fc7d568164bc3edf6c4ce28b7023e8f596356a43a3,VERIFIED_SCHOLARLY_IDENTIFIER_AND_LOCAL_SENTENCE_SUPPORT
weyuker1982_60,REF-61,"Section Foundations and Related Work / Oracle scarcity and relation validity, source line 176",doi:10.1093/comjnl/25.4.465,https://doi.org/10.1093/comjnl/25.4.465,The oracle problem begins with programs whose correct output is unavailable or impractical to compute .,0d32263a38abc2a55b74c942319890a3f4e23234fdedbf8bd43278dea14ebc21,VERIFIED_SCHOLARLY_IDENTIFIER_AND_LOCAL_SENTENCE_SUPPORT
xie2011_61,REF-62,"Section Foundations and Related Work / Oracle scarcity and relation validity, source line 184",doi:10.1016/j.jss.2010.11.920,https://doi.org/10.1016/j.jss.2010.11.920,Classifier testing applies label- or feature-level transformations when exact predictions are hard to specify .,b692162636d1b1edbd6325a6a13757a918d478bf80e30ad5e5b5b9fd41c6acd7,VERIFIED_SCHOLARLY_IDENTIFIER_AND_LOCAL_SENTENCE_SUPPORT
xie2024wordclosure,REF-63,"Section Foundations and Related Work / Oracle scarcity and relation validity, source line 184",doi:10.1145/3675396,https://doi.org/10.1145/3675396,Word-closure relations provide machine-translation follow-ups without requiring one reference translation .,fd63e77f956116c946e31773001ecc0eaf69114e0ca803ec8a2e6d0d0a39a153,VERIFIED_SCHOLARLY_IDENTIFIER_AND_LOCAL_SENTENCE_SUPPORT
xu2024mrscout,REF-64,"Section Foundations and Related Work / Oracle scarcity and relation validity, source line 180",doi:10.1145/3656340,https://doi.org/10.1145/3656340,"MR-Scout mines relations from existing tests, treating test code as evidence of intended behavioral connections .",096690797dfa12a7269e4709838dbe824ebc5702645905fcb26507147826baad,VERIFIED_SCHOLARLY_IDENTIFIER_AND_LOCAL_SENTENCE_SUPPORT
yang2011csmith,REF-65,"Section Foundations and Related Work / Staged toolchains and watermark obligations, source line 190",doi:10.1145/1993498.1993532,https://doi.org/10.1145/1993498.1993532,Csmith uses random differential testing across compilers and configurations .,78f07265d1773e173113bc393bdbb38e15dce05fc3477b002298d4e850ae665b,VERIFIED_SCHOLARLY_IDENTIFIER_AND_LOCAL_SENTENCE_SUPPORT
yao2014_65,REF-66,"Section Foundations and Related Work / Mutation evidence and the unresolved oracle boundary, source line 198",doi:10.1145/2568225.2568265,https://doi.org/10.1145/2568225.2568265,Human analysis of equivalent and stubborn operators shows why some generated changes cannot or should not be killed under the intended semantics .,fd943de52685a5b131b953e123a2c980acd937e2e70f4697dc8987249772c5be,VERIFIED_SCHOLARLY_IDENTIFIER_AND_LOCAL_SENTENCE_SUPPORT
ying2025patterns,REF-67,"Section Foundations and Related Work / Oracle scarcity and relation validity, source line 178",doi:10.1002/stvr.70003,https://doi.org/10.1002/stvr.70003,"Pattern catalogs make recurring relation forms reusable, but a reusable form still needs a domain-specific relation and verdict .",ba2673f41b68bafe5515e2ae306ccaf01251bb198d41758eb4a853083be11b0a,VERIFIED_SCHOLARLY_IDENTIFIER_AND_LOCAL_SENTENCE_SUPPORT
zeller2002delta,REF-68,"Section Foundations and Related Work / Staged toolchains and watermark obligations, source line 190",doi:10.1109/32.988498,https://doi.org/10.1109/32.988498,Delta debugging supplies the broader principle of minimizing a failure-inducing difference while preserving its predicate .,3887196c2180bb9696a4dca634172d00c10f349d98fb7422ba955d3b281a0b2e,VERIFIED_SCHOLARLY_IDENTIFIER_AND_LOCAL_SENTENCE_SUPPORT
zhang2014_67,REF-69,"Section Foundations and Related Work / Oracle scarcity and relation validity, source line 180",doi:10.1145/2642937.2642994,https://doi.org/10.1145/2642937.2642994,"Search-based inference fits polynomial relations to observed executions, but empirical fit remains weaker than a contract argument .",abb28035bc0e1c6e79b2dc822aad335590a92d7cc8826a0e45bbb5a392a92d17,VERIFIED_SCHOLARLY_IDENTIFIER_AND_LOCAL_SENTENCE_SUPPORT
zhang2024metmapf,REF-70,"Section Foundations and Related Work / Oracle scarcity and relation validity, source line 184",doi:10.1145/3669663,https://doi.org/10.1145/3669663,MET-MAPF defines map and agent transformations for multi-agent path finding .,39d46b49d33f72389cb31e93c8866015022ffd65cb467d8460d64885accb732f,VERIFIED_SCHOLARLY_IDENTIFIER_AND_LOCAL_SENTENCE_SUPPORT
zheng2025failure,REF-71,"Section Foundations and Related Work / Oracle scarcity and relation validity, source line 182",doi:10.1145/3695990,https://doi.org/10.1145/3695990,Statistical models can estimate which source cases are more likely to reveal failure for a fixed relation .,ba8c2ebfd9e60c1bca16fa856fbf90d7cce305a9f4b67134b982b724ae1ee135,VERIFIED_SCHOLARLY_IDENTIFIER_AND_LOCAL_SENTENCE_SUPPORT
zhou2016_70,REF-72,"Section Foundations and Related Work / Oracle scarcity and relation validity, source line 184",doi:10.1109/tse.2015.2478001,https://doi.org/10.1109/tse.2015.2478001,Search-engine testing compares ranked outcomes without complete relevance judgments .,b8491fbc0f057595bdc780b89fbbf890dca012799a8d01916c1b488d2229e329,VERIFIED_SCHOLARLY_IDENTIFIER_AND_LOCAL_SENTENCE_SUPPORT
bento2022software,REF-73,"Section Foundations and Related Work / Staged toolchains and watermark obligations, source line 194",doi:10.1109/MetroInd4.0IoT54413.2022.9831668,https://doi.org/10.1109/MetroInd4.0IoT54413.2022.9831668,A later scheme encodes and decodes binary sequences through function control-flow graphs ; its fixed public prototype supplies the independently maintained transfer surface used in this study.,e1308ba88166505c4b5e33c09e265ca443a46e66d045de789ea04a1d452bfd7e,VERIFIED_SCHOLARLY_IDENTIFIER_AND_LOCAL_SENTENCE_SUPPORT
