reference_number,citation_key,title,authors,year,venue,doi,external_source_locator,external_source_class,metadata_verdict,manuscript_location,local_claim,claim_support_verdict,project_relevance,relevance_verdict,audit_date,notes
1,altamimi2023_01,"Metamorphic Relation Automation: Rationale, Challenges, and Solution Directions","Emran Altamimi, Abdullah Elkawakjy, and Cagatay Catal",2023,"Journal of Software: Evolution and Process 35, 1 (2023), e2509",10.1002/smr.2509,https://doi.org/10.1002/smr.2509,DOI_RESOLVER_PLUS_PUBLISHER_OR_SCHOLARLY_INDEX,PASS,"Section Foundations and Related Work / Oracle scarcity and relation validity, source line 178","A systematic review of relation automation classifies generation, detection, and selection methods, and finds that automation remains strongest in domains with accessible mathematical structure .",PASS_PRECISE_LOCAL_SUPPORT,MR_ENGINEERING_AND_SELECTION,PASS_STRONGLY_RELATED,2026-07-27,Claim narrowed to the review's taxonomy and domain findings; no claim that the review recovers relation rationale automatically.
2,andrews2005_02,Is Mutation an Appropriate Tool for Testing Experiments?,"James H. Andrews, Lionel C. Briand, and Yvan Labiche",2005,In Proceedings of the 27th International Conference on Software Engineering. 402–411,10.1145/1062455.1062530,https://doi.org/10.1145/1062455.1062530,DOI_RESOLVER_PLUS_PUBLISHER_OR_SCHOLARLY_INDEX,PASS,"Section Foundations and Related Work / Mutation evidence and the unresolved oracle boundary, source line 198","Comparisons among mutation-generated, hand-seeded, and known faults treat mutation as an experimental instrument whose representativeness must be examined .",PASS_PRECISE_LOCAL_SUPPORT,MUTATION_AND_FAULT_REPRESENTATIVENESS,PASS_STRONGLY_RELATED,2026-07-27,Claim states the compared fault sources and representativeness question without treating mutation as validated universally.
3,aschermann2019_03,NAUTILUS: Fishing for Deep Bugs with Grammars,"Cornelius Aschermann, Tommaso Frassetto, Thorsten Holz, Patrick Jauernig, Ahmad-Reza Sadeghi, and Daniel Teuchert",2019,In Proceedings of the Network and Distributed System Security Symposium,10.14722/ndss.2019.23412,https://doi.org/10.14722/ndss.2019.23412,DOI_RESOLVER_PLUS_PUBLISHER_OR_SCHOLARLY_INDEX,PASS,"Section Foundations and Related Work / Staged toolchains and watermark obligations, source line 192",NAUTILUS preserves grammatical structure while generating inputs that reach deep parser states .,PASS_PRECISE_LOCAL_SUPPORT,COMPILER_BINARY_AND_FUZZING_VALIDATION,PASS_STRONGLY_RELATED,2026-07-27,Metadata and the nearby single-paper claim were independently rechecked; wording remains within the paper title/abstract/contribution scope.
4,ayerdi2025marmot,MarMot: Metamorphic Runtime Monitoring of Autonomous Driving Systems,"Jon Ayerdi, Asier Iriarte, Pablo Valle, Ibai Roman, Miren Illarramendi, and Aitor Arrieta",2025,"ACM Transactions on Software Engineering and Methodology 34, 1, Article 18 (2025), 35 pages",10.1145/3678171,https://doi.org/10.1145/3678171,DOI_RESOLVER_PLUS_PUBLISHER_OR_SCHOLARLY_INDEX,PASS,"Section Foundations and Related Work / Oracle scarcity and relation validity, source line 184",MarMot checks relations at runtime in autonomous-driving software rather than only in an offline harness .,PASS_PRECISE_LOCAL_SUPPORT,DOMAIN_SPECIFIC_METAMORPHIC_TESTING,PASS_STRONGLY_RELATED,2026-07-27,Metadata and the nearby single-paper claim were independently rechecked; wording remains within the paper title/abstract/contribution scope.
5,barr2015_05,The Oracle Problem in Software Testing: A Survey,"Earl T. Barr, Mark Harman, Phil McMinn, Muzammil Shahbaz, and Shin Yoo",2015,"IEEE Transactions on Software Engineering 41, 5 (2015), 507–525",10.1109/tse.2014.2372785,https://doi.org/10.1109/tse.2014.2372785,DOI_RESOLVER_PLUS_PUBLISHER_OR_SCHOLARLY_INDEX,PASS,"Section Foundations and Related Work / Oracle scarcity and relation validity, source line 176","Modern accounts broaden the problem to expensive, partial, and fallible decision procedures .",PASS_PRECISE_LOCAL_SUPPORT,ORACLE_FOUNDATION,PASS_STRONGLY_RELATED,2026-07-27,Metadata and the nearby single-paper claim were independently rechecked; wording remains within the paper title/abstract/contribution scope.
6,blasi2021_06,MeMo: Automatically Identifying Metamorphic Relations in Javadoc Comments for Test Automation,"Arianna Blasi, Alessandra Gorla, Michael D. Ernst, Mauro Pezzè, and Antonio Carzaniga",2021,"Journal of Systems and Software 181 (2021), 111041",10.1016/j.jss.2021.111041,https://doi.org/10.1016/j.jss.2021.111041,DOI_RESOLVER_PLUS_PUBLISHER_OR_SCHOLARLY_INDEX,PASS,"Section Foundations and Related Work / Oracle scarcity and relation validity, source line 180",MeMo extracts relation-like statements from documentation and turns some into executable tests .,PASS_PRECISE_LOCAL_SUPPORT,MR_ENGINEERING_AND_SELECTION,PASS_STRONGLY_RELATED,2026-07-27,Metadata and the nearby single-paper claim were independently rechecked; wording remains within the paper title/abstract/contribution scope.
7,chen2016_07,An Empirical Comparison of Compiler Testing Techniques,"Junjie Chen, Wenxiang Hu, Dan Hao, Yingfei Xiong, Hongyu Zhang, Lu Zhang, and Bing Xie",2016,In Proceedings of the 38th International Conference on Software Engineering. 180–190,10.1145/2884781.2884878,https://doi.org/10.1145/2884781.2884878,DOI_RESOLVER_PLUS_PUBLISHER_OR_SCHOLARLY_INDEX,PASS,"Section Foundations and Related Work / Staged toolchains and watermark obligations, source line 190",Comparative studies confirm that generator assumptions and oracle forms change which compiler defects are found .,PASS_PRECISE_LOCAL_SUPPORT,COMPILER_BINARY_AND_FUZZING_VALIDATION,PASS_STRONGLY_RELATED,2026-07-27,Metadata and the nearby single-paper claim were independently rechecked; wording remains within the paper title/abstract/contribution scope.
8,chen2022compiler,Boosting Compiler Testing via Compiler Optimization Exploration,Junjie Chen and Chenyao Suo,2022,"ACM Transactions on Software Engineering and Methodology 31, 4, Article 72 (2022), 33 pages",10.1145/3508362,https://doi.org/10.1145/3508362,DOI_RESOLVER_PLUS_PUBLISHER_OR_SCHOLARLY_INDEX,PASS,"Section Foundations and Related Work / Staged toolchains and watermark obligations, source line 190",Optimization-exploration methods search pass spaces for greater behavioral diversity .,PASS_PRECISE_LOCAL_SUPPORT,COMPILER_BINARY_AND_FUZZING_VALIDATION,PASS_STRONGLY_RELATED,2026-07-27,Metadata and the nearby single-paper claim were independently rechecked; wording remains within the paper title/abstract/contribution scope.
9,chen2018mt,Metamorphic Testing: A Review of Challenges and Opportunities,"Tsong Yueh Chen, Fei-Ching Kuo, Huai Liu, Pak-Lok Poon, Dave Towey, T. H. Tse, and Zhi Quan Zhou",2018,"Comput. Surveys 51, 1, Article 4 (2018)",10.1145/3143561,https://doi.org/10.1145/3143561,DOI_RESOLVER_PLUS_PUBLISHER_OR_SCHOLARLY_INDEX,PASS,"Section Introduction, source line 116",Metamorphic testing addresses oracle scarcity by relating several executions instead of judging one output in isolation .,PASS_PRECISE_LOCAL_SUPPORT,ORACLE_FOUNDATION,PASS_STRONGLY_RELATED,2026-07-27,Metadata and the nearby single-paper claim were independently rechecked; wording remains within the paper title/abstract/contribution scope.
10,chen2016_10,METRIC: Metamorphic Relation Identification Based on the Category-Choice Framework,"Tsong Yueh Chen, Pak-Lok Poon, and Xiaoyuan Xie",2016,"Journal of Systems and Software 116 (2016), 177–190",10.1016/j.jss.2015.07.037,https://doi.org/10.1016/j.jss.2015.07.037,DOI_RESOLVER_PLUS_PUBLISHER_OR_SCHOLARLY_INDEX,PASS,"Section Foundations and Related Work / Oracle scarcity and relation validity, source line 180","METRIC derives candidates from category-choice models, so domain partitions are made explicit before tests are generated .",PASS_PRECISE_LOCAL_SUPPORT,MR_ENGINEERING_AND_SELECTION,PASS_STRONGLY_RELATED,2026-07-27,Metadata and the nearby single-paper claim were independently rechecked; wording remains within the paper title/abstract/contribution scope.
11,chen2003_11,Fault-Based Testing without the Need of Oracles,"Tsong Yueh Chen, T. H. Tse, and Zhi Quan Zhou",2003,"Information and Software Technology 45, 1 (2003), 1–9",10.1016/s0950-5849(02)00129-5,https://doi.org/10.1016/s0950-5849(02)00129-5,DOI_RESOLVER_PLUS_PUBLISHER_OR_SCHOLARLY_INDEX,PASS,"Section Foundations and Related Work / Oracle scarcity and relation validity, source line 176",Necessary behavioral properties can still reveal faults when a complete expected output cannot be written .,PASS_PRECISE_LOCAL_SUPPORT,ORACLE_FOUNDATION,PASS_STRONGLY_RELATED,2026-07-27,Metadata and the nearby single-paper claim were independently rechecked; wording remains within the paper title/abstract/contribution scope.
12,chen2011_12,"Semi-Proving: An Integrated Method for Program Proving, Testing, and Debugging","Tsong Yueh Chen, T. H. Tse, and Zhi Quan Zhou",2011,"IEEE Transactions on Software Engineering 37, 1 (2011), 109–125",10.1109/tse.2010.23,https://doi.org/10.1109/tse.2010.23,DOI_RESOLVER_PLUS_PUBLISHER_OR_SCHOLARLY_INDEX,PASS,"Section Foundations and Related Work / Oracle scarcity and relation validity, source line 176",Semi-proving strengthens such tests with symbolic reasoning while remaining distinct from a full proof .,PASS_PRECISE_LOCAL_SUPPORT,ORACLE_FOUNDATION,PASS_STRONGLY_RELATED,2026-07-27,Metadata and the nearby single-paper claim were independently rechecked; wording remains within the paper title/abstract/contribution scope.
13,clark2024causal,Testing Causality in Scientific Modelling Software,"Andrew G. Clark, Michael Foster, Benedikt Prifling, Neil Walkinshaw, Robert M. Hierons, Volker Schmidt, and Robert D. Turner",2024,"ACM Transactions on Software Engineering and Methodology 33, 1, Article 10 (2024), 42 pages",10.1145/3607184,https://doi.org/10.1145/3607184,DOI_RESOLVER_PLUS_PUBLISHER_OR_SCHOLARLY_INDEX,PASS,"Section Foundations and Related Work / Oracle scarcity and relation validity, source line 184",Causality testing turns an assumed causal intervention in a scientific model into an executable relation .,PASS_PRECISE_LOCAL_SUPPORT,DOMAIN_SPECIFIC_METAMORPHIC_TESTING,PASS_STRONGLY_RELATED,2026-07-27,Metadata and the nearby single-paper claim were independently rechecked; wording remains within the paper title/abstract/contribution scope.
14,collberg2004_14,Dynamic Path-Based Software Watermarking,"Christian Collberg, Edward Carter, Saumya Debray, Andrew Huntwork, John Kececioglu, Cullen Linn, and Michael Stepp",2004,In Proceedings of the ACM SIGPLAN Conference on Programming Language Design and Implementation. 107–118,10.1145/996841.996856,https://doi.org/10.1145/996841.996856,DOI_RESOLVER_PLUS_PUBLISHER_OR_SCHOLARLY_INDEX,PASS,"Section Foundations and Related Work / Staged toolchains and watermark obligations, source line 194",Dynamic path-based watermarking makes execution inputs and traces part of recognition .,PASS_PRECISE_LOCAL_SUPPORT,SOFTWARE_WATERMARKING_AND_PROTECTION,PASS_STRONGLY_RELATED,2026-07-27,The proceedings DOI is used; a SIGPLAN Notices reprint has a distinct DOI and is not conflated with this record.
15,collberg2009_15,"More on Graph Theoretic Software Watermarks: Implementation, Analysis, and Attacks","Christian Collberg, Andrew Huntwork, Edward Carter, Gregg Townsend, and Michael Stepp",2009,"Information and Software Technology 51, 1 (2009), 56–67",10.1016/j.infsof.2008.09.016,https://doi.org/10.1016/j.infsof.2008.09.016,DOI_RESOLVER_PLUS_PUBLISHER_OR_SCHOLARLY_INDEX,PASS,"Section Foundations and Related Work / Staged toolchains and watermark obligations, source line 194",Detailed analysis of graph-theoretic marks reports concrete attacks and implementation trade-offs rather than one undifferentiated robustness score .,PASS_PRECISE_LOCAL_SUPPORT,SOFTWARE_WATERMARKING_AND_PROTECTION,PASS_STRONGLY_RELATED,2026-07-27,Metadata and the nearby single-paper claim were independently rechecked; wording remains within the paper title/abstract/contribution scope.
16,collberg1999watermark,Software Watermarking: Models and Dynamic Embeddings,Christian S. Collberg and Clark Thomborson,1999,In Proceedings of the 26th ACM SIGPLAN-SIGACT Symposium on Principles of Programming Languages. 311–324,10.1145/292540.292569,https://doi.org/10.1145/292540.292569,DOI_RESOLVER_PLUS_PUBLISHER_OR_SCHOLARLY_INDEX,PASS,"Section Introduction, source line 114",Robustness under semantics-preserving transformation is part of the classical watermark model .,PASS_PRECISE_LOCAL_SUPPORT,SOFTWARE_WATERMARKING_AND_PROTECTION,PASS_STRONGLY_RELATED,2026-07-27,Metadata and the nearby single-paper claim were independently rechecked; wording remains within the paper title/abstract/contribution scope.
17,collberg2007_17,Dynamic Graph-Based Software Fingerprinting,"Christian S. Collberg, Clark Thomborson, and Gregg M. Townsend",2007,"ACM Transactions on Programming Languages and Systems 29, 6, Article 35 (2007)",10.1145/1286821.1286826,https://doi.org/10.1145/1286821.1286826,DOI_RESOLVER_PLUS_PUBLISHER_OR_SCHOLARLY_INDEX,PASS,"Section Foundations and Related Work / Staged toolchains and watermark obligations, source line 194",Dynamic graph-based fingerprinting adds instance identity and attribution to payload recovery .,PASS_PRECISE_LOCAL_SUPPORT,SOFTWARE_WATERMARKING_AND_PROTECTION,PASS_STRONGLY_RELATED,2026-07-27,Metadata and the nearby single-paper claim were independently rechecked; wording remains within the paper title/abstract/contribution scope.
18,thomborson2002_18,"Watermarking, Tamper-Proofing, and Obfuscation—Tools for Software Protection",Christian S. Collberg and Clark D. Thomborson,2002,"IEEE Transactions on Software Engineering 28, 8 (2002), 735–746",10.1109/tse.2002.1027797,https://doi.org/10.1109/tse.2002.1027797,DOI_RESOLVER_PLUS_PUBLISHER_OR_SCHOLARLY_INDEX,PASS,"Section Foundations and Related Work / Staged toolchains and watermark obligations, source line 194","Software-protection surveys place watermarking beside tamper-proofing and obfuscation, where the same transformation can be intended in one context and adversarial in another .",PASS_PRECISE_LOCAL_SUPPORT,SOFTWARE_WATERMARKING_AND_PROTECTION,PASS_STRONGLY_RELATED,2026-07-27,Metadata and the nearby single-paper claim were independently rechecked; wording remains within the paper title/abstract/contribution scope.
19,cousot2004_19,An Abstract Interpretation-Based Framework for Software Watermarking,Patrick Cousot and Radhia Cousot,2004,In Proceedings of the 31st ACM SIGPLAN-SIGACT Symposium on Principles of Programming Languages. 173–185,10.1145/964001.964016,https://doi.org/10.1145/964001.964016,DOI_RESOLVER_PLUS_PUBLISHER_OR_SCHOLARLY_INDEX,PASS,"Section Foundations and Related Work / Staged toolchains and watermark obligations, source line 194",Abstract-interpretation-based watermarking formulates embedding and extraction over semantic abstractions .,PASS_PRECISE_LOCAL_SUPPORT,SOFTWARE_WATERMARKING_AND_PROTECTION,PASS_STRONGLY_RELATED,2026-07-27,Metadata and the nearby single-paper claim were independently rechecked; wording remains within the paper title/abstract/contribution scope.
20,demillo1978_20,Hints on Test Data Selection: Help for the Practicing Programmer,"Richard A. DeMillo, Richard J. Lipton, and Frederick G. Sayward",1978,"Computer 11, 4 (1978), 34–41",10.1109/c-m.1978.218136,https://doi.org/10.1109/c-m.1978.218136,DOI_RESOLVER_PLUS_PUBLISHER_OR_SCHOLARLY_INDEX,PASS,"Section Foundations and Related Work / Mutation evidence and the unresolved oracle boundary, source line 198",Mutation analysis asks whether tests distinguish a program from plausible nearby alternatives .,PASS_PRECISE_LOCAL_SUPPORT,MUTATION_AND_FAULT_REPRESENTATIVENESS,PASS_STRONGLY_RELATED,2026-07-27,Metadata and the nearby single-paper claim were independently rechecked; wording remains within the paper title/abstract/contribution scope.
21,dey2019_21,Software Watermarking: Progress and Challenges,"Ayan Dey, Sukriti Bhattacharya, and Nabendu Chaki",2019,"INAE Letters 4, 1 (2019), 65–75",10.1007/s41403-018-0058-8,https://doi.org/10.1007/s41403-018-0058-8,DOI_RESOLVER_PLUS_PUBLISHER_OR_SCHOLARLY_INDEX,PASS,"Section Foundations and Related Work / Staged toolchains and watermark obligations, source line 194","Reviews of software watermarking also find evaluation fragmented across threat models, carriers, and empirical settings .",PASS_PRECISE_LOCAL_SUPPORT,SOFTWARE_WATERMARKING_AND_PROTECTION,PASS_STRONGLY_RELATED,2026-07-27,Metadata and the nearby single-paper claim were independently rechecked; wording remains within the paper title/abstract/contribution scope.
22,donaldson2017_22,Automated Testing of Graphics Shader Compilers,"Alastair F. Donaldson, Hugues Evrard, Andrei Lascu, and Paul Thomson",2017,"Proceedings of the ACM on Programming Languages 1, OOPSLA, Article 93 (2017), 29 pages",10.1145/3133917,https://doi.org/10.1145/3133917,DOI_RESOLVER_PLUS_PUBLISHER_OR_SCHOLARLY_INDEX,PASS,"Section Foundations and Related Work / Staged toolchains and watermark obligations, source line 190",Shader compiler testing combines constrained generation with differential oracles .,PASS_PRECISE_LOCAL_SUPPORT,COMPILER_BINARY_AND_FUZZING_VALIDATION,PASS_STRONGLY_RELATED,2026-07-27,Metadata and the nearby single-paper claim were independently rechecked; wording remains within the paper title/abstract/contribution scope.
23,dutra2024formatfuzzer,FormatFuzzer: Effective Fuzzing of Binary File Formats,"Rafael Dutra, Rahul Gopinath, and Andreas Zeller",2024,"ACM Transactions on Software Engineering and Methodology 33, 2, Article 53 (2024), 29 pages",10.1145/3628157,https://doi.org/10.1145/3628157,DOI_RESOLVER_PLUS_PUBLISHER_OR_SCHOLARLY_INDEX,PASS,"Section Foundations and Related Work / Staged toolchains and watermark obligations, source line 192",FormatFuzzer compiles binary-format specifications into generators and parsers .,PASS_PRECISE_LOCAL_SUPPORT,COMPILER_BINARY_AND_FUZZING_VALIDATION,PASS_STRONGLY_RELATED,2026-07-27,Metadata and the nearby single-paper claim were independently rechecked; wording remains within the paper title/abstract/contribution scope.
24,gmezabajo2023_24,Automated Engineering of Domain-Specific Metamorphic Testing Environments,"Pablo Gómez-Abajo, Pablo C. Cañizares, Alberto Núñez, Esther Guerra, and Juan de Lara",2023,"Information and Software Technology 157 (2023), 107164",10.1016/j.infsof.2023.107164,https://doi.org/10.1016/j.infsof.2023.107164,DOI_RESOLVER_PLUS_PUBLISHER_OR_SCHOLARLY_INDEX,PASS,"Section Foundations and Related Work / Oracle scarcity and relation validity, source line 180","Domain-specific metamorphic environments show that execution also requires generators, adapters, and observation logic .",PASS_PRECISE_LOCAL_SUPPORT,MR_ENGINEERING_AND_SELECTION,PASS_STRONGLY_RELATED,2026-07-27,Metadata and the nearby single-paper claim were independently rechecked; wording remains within the paper title/abstract/contribution scope.
25,lim2009_25,A Method for Detecting the Theft of Java Programs through Analysis of the Control Flow Information,"Hyun il Lim, Heewan Park, Seokwoo Choi, and Taisook Han",2009,"Information and Software Technology 51, 9 (2009), 1338–1350",10.1016/j.infsof.2009.04.011,https://doi.org/10.1016/j.infsof.2009.04.011,DOI_RESOLVER_PLUS_PUBLISHER_OR_SCHOLARLY_INDEX,PASS,"Section Foundations and Related Work / Staged toolchains and watermark obligations, source line 194",Control-flow similarity has also been used to support theft detection for Java programs .,PASS_PRECISE_LOCAL_SUPPORT,SOFTWARE_WATERMARKING_AND_PROTECTION,PASS_STRONGLY_RELATED,2026-07-27,Metadata and the nearby single-paper claim were independently rechecked; wording remains within the paper title/abstract/contribution scope.
26,jia2011mutation,An Analysis and Survey of the Development of Mutation Testing,Yue Jia and Mark Harman,2011,"IEEE Transactions on Software Engineering 37, 5 (2011), 649–678",10.1109/tse.2010.62,https://doi.org/10.1109/tse.2010.62,DOI_RESOLVER_PLUS_PUBLISHER_OR_SCHOLARLY_INDEX,PASS,"Section Foundations and Related Work / Mutation evidence and the unresolved oracle boundary, source line 198","The mutation-testing survey documents operator design, equivalent mutants, cost controls, and the limits of mutation score as a quality proxy .",PASS_PRECISE_LOCAL_SUPPORT,MUTATION_AND_FAULT_REPRESENTATIVENESS,PASS_STRONGLY_RELATED,2026-07-27,Metadata and the nearby single-paper claim were independently rechecked; wording remains within the paper title/abstract/contribution scope.
27,jiang2017_27,A Metamorphic Testing Approach for Supporting Program Repair without the Need for a Test Oracle,"Mingyue Jiang, Tsong Yueh Chen, Fei-Ching Kuo, Dave Towey, and Zuohua Ding",2017,"Journal of Systems and Software 126 (2017), 127–140",10.1016/j.jss.2016.04.002,https://doi.org/10.1016/j.jss.2016.04.002,DOI_RESOLVER_PLUS_PUBLISHER_OR_SCHOLARLY_INDEX,PASS,"Section Foundations and Related Work / Oracle scarcity and relation validity, source line 184",Metamorphic oracles have also been used to assess candidate program repairs when the original tests are incomplete .,PASS_PRECISE_LOCAL_SUPPORT,DOMAIN_SPECIFIC_METAMORPHIC_TESTING,PASS_STRONGLY_RELATED,2026-07-27,Metadata and the nearby single-paper claim were independently rechecked; wording remains within the paper title/abstract/contribution scope.
28,just2014_28,Are Mutants a Valid Substitute for Real Faults in Software Testing?,"René Just, Darioush Jalali, Laura Inozemtseva, Michael D. Ernst, Reid Holmes, and Gordon Fraser",2014,In Proceedings of the 22nd ACM SIGSOFT International Symposium on Foundations of Software Engineering. 654–665,10.1145/2635868.2635929,https://doi.org/10.1145/2635868.2635929,DOI_RESOLVER_PLUS_PUBLISHER_OR_SCHOLARLY_INDEX,PASS,"Section Foundations and Related Work / Mutation evidence and the unresolved oracle boundary, source line 198",Direct comparison with real faults finds useful correlation but not universal substitutability .,PASS_PRECISE_LOCAL_SUPPORT,MUTATION_AND_FAULT_REPRESENTATIVENESS,PASS_STRONGLY_RELATED,2026-07-27,Metadata and the nearby single-paper claim were independently rechecked; wording remains within the paper title/abstract/contribution scope.
29,bieman2013_29,Using Machine Learning Techniques to Detect Metamorphic Relations for Programs without Test Oracles,Upulee Kanewala and James M. Bieman,2013,In Proceedings of the 24th IEEE International Symposium on Software Reliability Engineering. 1–10,10.1109/issre.2013.6698899,https://doi.org/10.1109/issre.2013.6698899,DOI_RESOLVER_PLUS_PUBLISHER_OR_SCHOLARLY_INDEX,PASS,"Section Foundations and Related Work / Oracle scarcity and relation validity, source line 180","Program features can predict candidate relations, although prediction alone does not prove their semantic validity .",PASS_PRECISE_LOCAL_SUPPORT,MR_ENGINEERING_AND_SELECTION,PASS_STRONGLY_RELATED,2026-07-27,Metadata and the nearby single-paper claim were independently rechecked; wording remains within the paper title/abstract/contribution scope.
30,kanewala2016_30,Predicting Metamorphic Relations for Testing Scientific Software: A Machine Learning Approach Using Graph Kernels,"Upulee Kanewala, James M. Bieman, and Asa Ben-Hur",2016,"Software Testing, Verification and Reliability 26, 3 (2016), 245–269",10.1002/stvr.1594,https://doi.org/10.1002/stvr.1594,DOI_RESOLVER_PLUS_PUBLISHER_OR_SCHOLARLY_INDEX,PASS,"Section Foundations and Related Work / Oracle scarcity and relation validity, source line 180",Graph-kernel models extend that idea to structural representations of scientific programs .,PASS_PRECISE_LOCAL_SUPPORT,MR_ENGINEERING_AND_SELECTION,PASS_STRONGLY_RELATED,2026-07-27,Metadata and the nearby single-paper claim were independently rechecked; wording remains within the paper title/abstract/contribution scope.
31,klees2018_31,Evaluating Fuzz Testing,"George Klees, Andrew Ruef, Benji Cooper, Shiyi Wei, and Michael Hicks",2018,In Proceedings of the 2018 ACM SIGSAC Conference on Computer and Communications Security. 2123–2138,10.1145/3243734.3243804,https://doi.org/10.1145/3243734.3243804,DOI_RESOLVER_PLUS_PUBLISHER_OR_SCHOLARLY_INDEX,PASS,"Section Foundations and Related Work / Staged toolchains and watermark obligations, source line 192","Evaluations of fuzzers show how benchmark choice, protocol, and environment can distort reported effectiveness .",PASS_PRECISE_LOCAL_SUPPORT,COMPILER_BINARY_AND_FUZZING_VALIDATION,PASS_STRONGLY_RELATED,2026-07-27,Metadata and the nearby single-paper claim were independently rechecked; wording remains within the paper title/abstract/contribution scope.
32,le2014emi,Compiler Validation via Equivalence Modulo Inputs,"Vu Le, Mehrdad Afshari, and Zhendong Su",2014,In Proceedings of the 35th ACM SIGPLAN Conference on Programming Language Design and Implementation. 216–226,10.1145/2594291.2594334,https://doi.org/10.1145/2594291.2594334,DOI_RESOLVER_PLUS_PUBLISHER_OR_SCHOLARLY_INDEX,PASS,"Section Foundations and Related Work / Staged toolchains and watermark obligations, source line 190","Equivalence modulo inputs mutates code that is dead for the tested input, reducing false alarms while preserving the observed behavior .",PASS_PRECISE_LOCAL_SUPPORT,COMPILER_BINARY_AND_FUZZING_VALIDATION,PASS_STRONGLY_RELATED,2026-07-27,Metadata and the nearby single-paper claim were independently rechecked; wording remains within the paper title/abstract/contribution scope.
33,le2015_33,Finding Deep Compiler Bugs via Guided Stochastic Program Mutation,"Vu Le, Chengnian Sun, and Zhendong Su",2015,"In Proceedings of the 30th ACM SIGPLAN Conference on Object-Oriented Programming, Systems, Languages, and Applications. 386–399",10.1145/2814270.2814319,https://doi.org/10.1145/2814270.2814319,DOI_RESOLVER_PLUS_PUBLISHER_OR_SCHOLARLY_INDEX,PASS,"Section Foundations and Related Work / Staged toolchains and watermark obligations, source line 190",Guided stochastic mutation directs program changes toward deeper compiler states .,PASS_PRECISE_LOCAL_SUPPORT,COMPILER_BINARY_AND_FUZZING_VALIDATION,PASS_STRONGLY_RELATED,2026-07-27,Metadata and the nearby single-paper claim were independently rechecked; wording remains within the paper title/abstract/contribution scope.
34,le2015_34,Randomized Stress-Testing of Link-Time Optimizers,"Vu Le, Chengnian Sun, and Zhendong Su",2015,In Proceedings of the 2015 International Symposium on Software Testing and Analysis. 327–337,10.1145/2771783.2771785,https://doi.org/10.1145/2771783.2771785,DOI_RESOLVER_PLUS_PUBLISHER_OR_SCHOLARLY_INDEX,PASS,"Section Foundations and Related Work / Staged toolchains and watermark obligations, source line 190",Randomized link-time-optimization tests target whole-program interactions .,PASS_PRECISE_LOCAL_SUPPORT,COMPILER_BINARY_AND_FUZZING_VALIDATION,PASS_STRONGLY_RELATED,2026-07-27,Metadata and the nearby single-paper claim were independently rechecked; wording remains within the paper title/abstract/contribution scope.
35,leroy2009_35,Formal Verification of a Realistic Compiler,Xavier Leroy,2009,"Commun. ACM 52, 7 (2009), 107–115",10.1145/1538788.1538814,https://doi.org/10.1145/1538788.1538814,DOI_RESOLVER_PLUS_PUBLISHER_OR_SCHOLARLY_INDEX,PASS,"Section Foundations and Related Work / Staged toolchains and watermark obligations, source line 188",CompCert instead proves a realistic compiler against a formal semantics .,PASS_PRECISE_LOCAL_SUPPORT,COMPILER_BINARY_AND_FUZZING_VALIDATION,PASS_STRONGLY_RELATED,2026-07-27,Metadata and the nearby single-paper claim were independently rechecked; wording remains within the paper title/abstract/contribution scope.
36,li2025generation,Metamorphic Relation Generation: State of the Art and Research Directions,"Rui Li, Huai Liu, Pak-Lok Poon, Dave Towey, Chang-Ai Sun, Zheng Zheng, Zhi Quan Zhou, and Tsong Yueh Chen",2025,"ACM Transactions on Software Engineering and Methodology 34, 5, Article 149 (2025), 25 pages",10.1145/3708521,https://doi.org/10.1145/3708521,DOI_RESOLVER_PLUS_PUBLISHER_OR_SCHOLARLY_INDEX,PASS,"Section Foundations and Related Work / Oracle scarcity and relation validity, source line 178","A later review identifies specification, soundness, and evaluation as continuing obstacles to automated generation .",PASS_PRECISE_LOCAL_SUPPORT,MR_ENGINEERING_AND_SELECTION,PASS_STRONGLY_RELATED,2026-07-27,Metadata and the nearby single-paper claim were independently rechecked; wording remains within the paper title/abstract/contribution scope.
37,lidbury2015_37,Many-Core Compiler Fuzzing,"Christopher Lidbury, Andrei Lascu, Nathan Chong, and Alastair F. Donaldson",2015,In Proceedings of the 36th ACM SIGPLAN Conference on Programming Language Design and Implementation. 65–76,10.1145/2737924.2737986,https://doi.org/10.1145/2737924.2737986,DOI_RESOLVER_PLUS_PUBLISHER_OR_SCHOLARLY_INDEX,PASS,"Section Foundations and Related Work / Staged toolchains and watermark obligations, source line 190",Many-core compiler fuzzing uses target diversity to reach defects absent from conventional CPU tests .,PASS_PRECISE_LOCAL_SUPPORT,COMPILER_BINARY_AND_FUZZING_VALIDATION,PASS_STRONGLY_RELATED,2026-07-27,Metadata and the nearby single-paper claim were independently rechecked; wording remains within the paper title/abstract/contribution scope.
38,liu2014cost,How Effectively Does Metamorphic Testing Alleviate the Oracle Problem?,"Huai Liu, Fei-Ching Kuo, Dave Towey, and Tsong Yueh Chen",2014,"IEEE Transactions on Software Engineering 40, 1 (2014), 4–22",10.1109/tse.2013.46,https://doi.org/10.1109/tse.2013.46,DOI_RESOLVER_PLUS_PUBLISHER_OR_SCHOLARLY_INDEX,PASS,"Section Foundations and Related Work / Oracle scarcity and relation validity, source line 178",Empirical work on oracle-cost reduction likewise shows that the benefit depends on which relations are available and selected .,PASS_PRECISE_LOCAL_SUPPORT,MR_ENGINEERING_AND_SELECTION,PASS_STRONGLY_RELATED,2026-07-27,Metadata and the nearby single-paper claim were independently rechecked; wording remains within the paper title/abstract/contribution scope.
39,livinskii2020_39,Random Testing for C and C++ Compilers with YARPGen,"Vsevolod Livinskii, Dmitry Babokin, and John Regehr",2020,"Proceedings of the ACM on Programming Languages 4, OOPSLA, Article 196 (2020), 25 pages",10.1145/3428264,https://doi.org/10.1145/3428264,DOI_RESOLVER_PLUS_PUBLISHER_OR_SCHOLARLY_INDEX,PASS,"Section Foundations and Related Work / Staged toolchains and watermark obligations, source line 190",YARPGen avoids undefined behavior while stressing arithmetic optimizations in C and C++ .,PASS_PRECISE_LOCAL_SUPPORT,COMPILER_BINARY_AND_FUZZING_VALIDATION,PASS_STRONGLY_RELATED,2026-07-27,Metadata and the nearby single-paper claim were independently rechecked; wording remains within the paper title/abstract/contribution scope.
40,livinskii2023_40,Fuzzing Loop Optimizations in Compilers for C++ and Data-Parallel Languages,"Vsevolod Livinskii, Dmitry Babokin, and John Regehr",2023,"Proceedings of the ACM on Programming Languages 7, PLDI (2023), 1826–1847",10.1145/3591295,https://doi.org/10.1145/3591295,DOI_RESOLVER_PLUS_PUBLISHER_OR_SCHOLARLY_INDEX,PASS,"Section Foundations and Related Work / Staged toolchains and watermark obligations, source line 190",Later loop-focused generation targets optimization interactions in both C++ and data-parallel languages .,PASS_PRECISE_LOCAL_SUPPORT,COMPILER_BINARY_AND_FUZZING_VALIDATION,PASS_STRONGLY_RELATED,2026-07-27,Metadata and the nearby single-paper claim were independently rechecked; wording remains within the paper title/abstract/contribution scope.
41,lopes2021_41,Alive2: Bounded Translation Validation for LLVM,"Nuno P. Lopes, Juneyoung Lee, Chung-Kil Hur, Zhengyang Liu, and John Regehr",2021,In Proceedings of the 42nd ACM SIGPLAN International Conference on Programming Language Design and Implementation. 65–79,10.1145/3453483.3454030,https://doi.org/10.1145/3453483.3454030,DOI_RESOLVER_PLUS_PUBLISHER_OR_SCHOLARLY_INDEX,PASS,"Section Foundations and Related Work / Staged toolchains and watermark obligations, source line 188",Alive2 checks bounded refinement conditions for LLVM transformations and has exposed optimization defects .,PASS_PRECISE_LOCAL_SUPPORT,COMPILER_BINARY_AND_FUZZING_VALIDATION,PASS_STRONGLY_RELATED,2026-07-27,Metadata and the nearby single-paper claim were independently rechecked; wording remains within the paper title/abstract/contribution scope.
42,ma2015_42,Software Watermarking Using Return-Oriented Programming,"Haoyu Ma, Kangjie Lu, Xinjie Ma, Haining Zhang, Chunfu Jia, and Debin Gao",2015,"In Proceedings of the 10th ACM Symposium on Information, Computer and Communications Security. 369–380",10.1145/2714576.2714582,https://doi.org/10.1145/2714576.2714582,DOI_RESOLVER_PLUS_PUBLISHER_OR_SCHOLARLY_INDEX,PASS,"Section Foundations and Related Work / Staged toolchains and watermark obligations, source line 194",Return-oriented-programming watermarking couples recognition to executable gadget layout .,PASS_PRECISE_LOCAL_SUPPORT,SOFTWARE_WATERMARKING_AND_PROTECTION,PASS_STRONGLY_RELATED,2026-07-27,Metadata and the nearby single-paper claim were independently rechecked; wording remains within the paper title/abstract/contribution scope.
43,mans2021_43,"The Art, Science, and Engineering of Fuzzing: A Survey","Valentin J. M. Manès, HyungSeok Han, Choongwoo Han, Sang Kil Cha, Manuel Egele, Edward J. Schwartz, and Maverick Woo",2021,"IEEE Transactions on Software Engineering 47, 11 (2021), 2312–2331",10.1109/tse.2019.2946563,https://doi.org/10.1109/tse.2019.2946563,DOI_RESOLVER_PLUS_PUBLISHER_OR_SCHOLARLY_INDEX,PASS,"Section Foundations and Related Work / Staged toolchains and watermark obligations, source line 192","A broader survey separates generation, feedback, oracle, and triage concerns that end-to-end tools often conflate .",PASS_PRECISE_LOCAL_SUPPORT,COMPILER_BINARY_AND_FUZZING_VALIDATION,PASS_STRONGLY_RELATED,2026-07-27,Metadata and the nearby single-paper claim were independently rechecked; wording remains within the paper title/abstract/contribution scope.
44,collberg2006_44,"Software Watermarking via Opaque Predicates: Implementation, Analysis, and Attacks",Ginger Myles and Christian Collberg,2006,"Electronic Commerce Research 6, 2 (2006), 155–171",10.1007/s10660-006-6955-z,https://doi.org/10.1007/s10660-006-6955-z,DOI_RESOLVER_PLUS_PUBLISHER_OR_SCHOLARLY_INDEX,PASS,"Section Foundations and Related Work / Staged toolchains and watermark obligations, source line 194",Opaque-predicate watermarking shows that hiding a mark introduces semantic and optimization obligations .,PASS_PRECISE_LOCAL_SUPPORT,SOFTWARE_WATERMARKING_AND_PROTECTION,PASS_STRONGLY_RELATED,2026-07-27,Metadata and the nearby single-paper claim were independently rechecked; wording remains within the paper title/abstract/contribution scope.
45,necula2000_45,Translation Validation for an Optimizing Compiler,George C. Necula,2000,In Proceedings of the ACM SIGPLAN Conference on Programming Language Design and Implementation. 83–94,10.1145/349299.349314,https://doi.org/10.1145/349299.349314,DOI_RESOLVER_PLUS_PUBLISHER_OR_SCHOLARLY_INDEX,PASS,"Section Foundations and Related Work / Staged toolchains and watermark obligations, source line 188",Practical architectures compare source and target correspondence after optimization .,PASS_PRECISE_LOCAL_SUPPORT,COMPILER_BINARY_AND_FUZZING_VALIDATION,PASS_STRONGLY_RELATED,2026-07-27,Metadata and the nearby single-paper claim were independently rechecked; wording remains within the paper title/abstract/contribution scope.
46,offutt1989_46,The Coupling Effect: Fact or Fiction,A. Jefferson Offutt,1989,"ACM SIGSOFT Software Engineering Notes 14, 8 (1989), 131–140",10.1145/75309.75324,https://doi.org/10.1145/75309.75324,DOI_RESOLVER_PLUS_PUBLISHER_OR_SCHOLARLY_INDEX,PASS,"Section Foundations and Related Work / Mutation evidence and the unresolved oracle boundary, source line 198",The coupling-effect debate warns against assuming that success on simple mutants automatically extends to arbitrary complex faults .,PASS_PRECISE_LOCAL_SUPPORT,MUTATION_AND_FAULT_REPRESENTATIVENESS,PASS_STRONGLY_RELATED,2026-07-27,Metadata and the nearby single-paper claim were independently rechecked; wording remains within the paper title/abstract/contribution scope.
47,ojdanic2023mutation,Mutation Testing in Evolving Systems: Studying the Relevance of Mutants to Code Evolution,"Milos Ojdanic, Ezekiel O. Soremekun, Renzo Degiovanni, Mike Papadakis, and Yves Le Traon",2023,"ACM Transactions on Software Engineering and Methodology 32, 1, Article 14 (2023), 39 pages",10.1145/3530786,https://doi.org/10.1145/3530786,DOI_RESOLVER_PLUS_PUBLISHER_OR_SCHOLARLY_INDEX,PASS,"Section Foundations and Related Work / Mutation evidence and the unresolved oracle boundary, source line 198",Studies of evolving systems further show that a mutant's relevance changes as code and developer activity evolve .,PASS_PRECISE_LOCAL_SUPPORT,MUTATION_AND_FAULT_REPRESENTATIVENESS,PASS_STRONGLY_RELATED,2026-07-27,Metadata and the nearby single-paper claim were independently rechecked; wording remains within the paper title/abstract/contribution scope.
48,pnueli1998_48,Translation Validation,"Amir Pnueli, Michael Siegel, and Eli Singerman",1998,"In Tools and Algorithms for the Construction and Analysis of Systems (Lecture Notes in Computer Science, Vol. 1384). 151–166",10.1007/bfb0054170,https://doi.org/10.1007/bfb0054170,DOI_RESOLVER_PLUS_PUBLISHER_OR_SCHOLARLY_INDEX,PASS,"Section Foundations and Related Work / Staged toolchains and watermark obligations, source line 188",Translation validation checks a particular source-to-target run .,PASS_PRECISE_LOCAL_SUPPORT,COMPILER_BINARY_AND_FUZZING_VALIDATION,PASS_STRONGLY_RELATED,2026-07-27,Metadata and the nearby single-paper claim were independently rechecked; wording remains within the paper title/abstract/contribution scope.
49,pasqua2019_49,Semantics-Based Software Watermarking by Abstract Interpretation,Mila Dalla Preda and Michele Pasqua,2019,"Mathematical Structures in Computer Science 29, 2 (2019), 339–388",10.1017/s0960129518000038,https://doi.org/10.1017/s0960129518000038,DOI_RESOLVER_PLUS_PUBLISHER_OR_SCHOLARLY_INDEX,PASS,"Section Foundations and Related Work / Staged toolchains and watermark obligations, source line 194",Semantics-based watermarking develops marks intended to survive semantics-preserving transformations .,PASS_PRECISE_LOCAL_SUPPORT,SOFTWARE_WATERMARKING_AND_PROTECTION,PASS_STRONGLY_RELATED,2026-07-27,Metadata and the nearby single-paper claim were independently rechecked; wording remains within the paper title/abstract/contribution scope.
50,regehr2012_50,Test-Case Reduction for C Compiler Bugs,"John Regehr, Yang Chen, Pascal Cuoq, Eric Eide, Chucky Ellison, and Xuejun Yang",2012,In Proceedings of the 33rd ACM SIGPLAN Conference on Programming Language Design and Implementation. 335–346,10.1145/2254064.2254104,https://doi.org/10.1145/2254064.2254104,DOI_RESOLVER_PLUS_PUBLISHER_OR_SCHOLARLY_INDEX,PASS,"Section Foundations and Related Work / Staged toolchains and watermark obligations, source line 190","Once a compiler failure appears, dedicated reduction can isolate a small witness .",PASS_PRECISE_LOCAL_SUPPORT,COMPILER_BINARY_AND_FUZZING_VALIDATION,PASS_STRONGLY_RELATED,2026-07-27,Metadata and the nearby single-paper claim were independently rechecked; wording remains within the paper title/abstract/contribution scope.
51,segura2015_51,Automated Metamorphic Testing of Variability Analysis Tools,"Sergio Segura, Amador Durán, Ana B. Sánchez, Daniel Le Berre, Emmanuel Lonca, and Antonio Ruiz-Cortés",2015,"Software Testing, Verification and Reliability 25, 2 (2015), 138–163",10.1002/stvr.1566,https://doi.org/10.1002/stvr.1566,DOI_RESOLVER_PLUS_PUBLISHER_OR_SCHOLARLY_INDEX,PASS,"Section Foundations and Related Work / Oracle scarcity and relation validity, source line 184",A later study extends that strategy across multiple variability-analysis tools .,PASS_PRECISE_LOCAL_SUPPORT,DOMAIN_SPECIFIC_METAMORPHIC_TESTING,PASS_STRONGLY_RELATED,2026-07-27,Metadata and the nearby single-paper claim were independently rechecked; wording remains within the paper title/abstract/contribution scope.
52,segura2016survey,A Survey on Metamorphic Testing,"Sergio Segura, Gordon Fraser, Ana B. Sánchez, and Antonio Ruiz-Cortés",2016,"IEEE Transactions on Software Engineering 42, 9 (2016), 805–824",10.1109/tse.2016.2532875,https://doi.org/10.1109/tse.2016.2532875,DOI_RESOLVER_PLUS_PUBLISHER_OR_SCHOLARLY_INDEX,PASS,"Section Introduction, source line 116","Its effectiveness, however, depends on whether a proposed relation is valid for the source case and the system's support envelope .",PASS_PRECISE_LOCAL_SUPPORT,ORACLE_FOUNDATION,PASS_STRONGLY_RELATED,2026-07-27,Metadata and the nearby single-paper claim were independently rechecked; wording remains within the paper title/abstract/contribution scope.
53,segura2011_53,Automated Metamorphic Testing on the Analyses of Feature Models,"Sergio Segura, Robert M. Hierons, David Benavides, and Antonio Ruiz-Cortés",2011,"Information and Software Technology 53, 3 (2011), 245–258",10.1016/j.infsof.2010.11.002,https://doi.org/10.1016/j.infsof.2010.11.002,DOI_RESOLVER_PLUS_PUBLISHER_OR_SCHOLARLY_INDEX,PASS,"Section Foundations and Related Work / Oracle scarcity and relation validity, source line 184",Feature-model analyses use relations to test derived results without enumerating a complete oracle .,PASS_PRECISE_LOCAL_SUPPORT,DOMAIN_SPECIFIC_METAMORPHIC_TESTING,PASS_STRONGLY_RELATED,2026-07-27,Metadata and the nearby single-paper claim were independently rechecked; wording remains within the paper title/abstract/contribution scope.
54,speth2026traceable,Traceable Metamorphic Test Cases for Robust Safety-Critical Systems: A Deep Learning LiDAR Object Detector Example,"Simon Speth, Tobias Springer, Jannik Fischbach, and Alexander Pretschner",2026,"Software Testing, Verification and Reliability 36, 3–4 (2026), e70020",10.1002/stvr.70020,https://doi.org/10.1002/stvr.70020,DOI_RESOLVER_PLUS_PUBLISHER_OR_SCHOLARLY_INDEX,PASS,"Section Foundations and Related Work / Oracle scarcity and relation validity, source line 178",Traceability work in safety-critical testing links individual relations to explicit defect and failure hypotheses .,PASS_PRECISE_LOCAL_SUPPORT,MR_ENGINEERING_AND_SELECTION,PASS_STRONGLY_RELATED,2026-07-27,Metadata and the nearby single-paper claim were independently rechecked; wording remains within the paper title/abstract/contribution scope.
55,gotlieb2020_54,Adaptive Metamorphic Testing with Contextual Bandits,Helge Spieker and Arnaud Gotlieb,2020,"Journal of Systems and Software 165 (2020), 110574",10.1016/j.jss.2020.110574,https://doi.org/10.1016/j.jss.2020.110574,DOI_RESOLVER_PLUS_PUBLISHER_OR_SCHOLARLY_INDEX,PASS,"Section Foundations and Related Work / Oracle scarcity and relation validity, source line 182",Contextual-bandit scheduling adapts relation choice to observed rewards .,PASS_PRECISE_LOCAL_SUPPORT,MR_ENGINEERING_AND_SELECTION,PASS_STRONGLY_RELATED,2026-07-27,Metadata and the nearby single-paper claim were independently rechecked; wording remains within the paper title/abstract/contribution scope.
56,sun2016_55,Finding Compiler Bugs via Live Code Mutation,"Chengnian Sun, Vu Le, and Zhendong Su",2016,"In Proceedings of the 31st ACM SIGPLAN International Conference on Object-Oriented Programming, Systems, Languages, and Applications. 849–863",10.1145/2983990.2984038,https://doi.org/10.1145/2983990.2984038,DOI_RESOLVER_PLUS_PUBLISHER_OR_SCHOLARLY_INDEX,PASS,"Section Foundations and Related Work / Staged toolchains and watermark obligations, source line 190",Live-code mutation changes executed code under transformations intended to preserve selected executions .,PASS_PRECISE_LOCAL_SUPPORT,COMPILER_BINARY_AND_FUZZING_VALIDATION,PASS_STRONGLY_RELATED,2026-07-27,Metadata and the nearby single-paper claim were independently rechecked; wording remains within the paper title/abstract/contribution scope.
57,sun2024interleaving,An Interleaving Guided Metamorphic Testing Approach for Concurrent Programs,"Chang-Ai Sun, Hepeng Dai, Ning Geng, Huai Liu, Tsong Yueh Chen, Peng Wu, Yan Cai, and Jinqiu Wang",2024,"ACM Transactions on Software Engineering and Methodology 33, 1, Article 8 (2024), 21 pages",10.1145/3607182,https://doi.org/10.1145/3607182,DOI_RESOLVER_PLUS_PUBLISHER_OR_SCHOLARLY_INDEX,PASS,"Section Foundations and Related Work / Oracle scarcity and relation validity, source line 184",Interleaving-guided testing treats schedule variation as a controlled dimension for concurrent programs .,PASS_PRECISE_LOCAL_SUPPORT,DOMAIN_SPECIFIC_METAMORPHIC_TESTING,PASS_STRONGLY_RELATED,2026-07-27,Metadata and the nearby single-paper claim were independently rechecked; wording remains within the paper title/abstract/contribution scope.
58,sun2023feedback,Feedback-Directed Metamorphic Testing,"Chang-Ai Sun, Hepeng Dai, Huai Liu, and Tsong Yueh Chen",2023,"ACM Transactions on Software Engineering and Methodology 32, 1, Article 20 (2023), 34 pages",10.1145/3533314,https://doi.org/10.1145/3533314,DOI_RESOLVER_PLUS_PUBLISHER_OR_SCHOLARLY_INDEX,PASS,"Section Foundations and Related Work / Oracle scarcity and relation validity, source line 182",Feedback-directed testing adapts both source tests and relations from execution feedback .,PASS_PRECISE_LOCAL_SUPPORT,MR_ENGINEERING_AND_SELECTION,PASS_STRONGLY_RELATED,2026-07-27,Metadata and the nearby single-paper claim were independently rechecked; wording remains within the paper title/abstract/contribution scope.
59,sun2022_58,Path-Directed Source Test Case Generation and Prioritization in Metamorphic Testing,"Chang-Ai Sun, Baoli Liu, An Fu, Yiqiang Liu, and Huai Liu",2022,"Journal of Systems and Software 183 (2022), 111091",10.1016/j.jss.2021.111091,https://doi.org/10.1016/j.jss.2021.111091,DOI_RESOLVER_PLUS_PUBLISHER_OR_SCHOLARLY_INDEX,PASS,"Section Foundations and Related Work / Oracle scarcity and relation validity, source line 182",Path-directed generation prioritizes source cases using execution paths .,PASS_PRECISE_LOCAL_SUPPORT,MR_ENGINEERING_AND_SELECTION,PASS_STRONGLY_RELATED,2026-07-27,Metadata and the nearby single-paper claim were independently rechecked; wording remains within the paper title/abstract/contribution scope.
60,venkatesan2001graph,A Graph Theoretic Approach to Software Watermarking,"Ramarathnam Venkatesan, Vijay V. Vazirani, and Saurabh Sinha",2001,"In Information Hiding, Lecture Notes in Computer Science, Vol. 2137, 157--168",10.1007/3-540-45496-9_12,https://doi.org/10.1007/3-540-45496-9_12,DOI_RESOLVER_PLUS_PUBLISHER_OR_SCHOLARLY_INDEX,PASS,"Section Introduction, source line 114",Structural schemes also depend on concrete graph or binary representations whose survival is determined by the intervening toolchain .,PASS_PRECISE_LOCAL_SUPPORT,SOFTWARE_WATERMARKING_AND_PROTECTION,PASS_STRONGLY_RELATED,2026-07-27,The genuine Springer DOI is displayed in the bibliography; its underscore is part of the scholarly identifier.
61,weyuker1982_60,On Testing Non-Testable Programs,Elaine J. Weyuker,1982,"Comput. J. 25, 4 (1982), 465–470",10.1093/comjnl/25.4.465,https://doi.org/10.1093/comjnl/25.4.465,DOI_RESOLVER_PLUS_PUBLISHER_OR_SCHOLARLY_INDEX,PASS,"Section Foundations and Related Work / Oracle scarcity and relation validity, source line 176",The oracle problem begins with programs whose correct output is unavailable or impractical to compute .,PASS_PRECISE_LOCAL_SUPPORT,ORACLE_FOUNDATION,PASS_STRONGLY_RELATED,2026-07-27,Metadata and the nearby single-paper claim were independently rechecked; wording remains within the paper title/abstract/contribution scope.
62,xie2011_61,Testing and Validating Machine Learning Classifiers by Metamorphic Testing,"Xiaoyuan Xie, Joshua Wing Kei Ho, Christian Murphy, Gail E. Kaiser, Baowen Xu, and Tsong Yueh Chen",2011,"Journal of Systems and Software 84, 4 (2011), 544–558",10.1016/j.jss.2010.11.920,https://doi.org/10.1016/j.jss.2010.11.920,DOI_RESOLVER_PLUS_PUBLISHER_OR_SCHOLARLY_INDEX,PASS,"Section Foundations and Related Work / Oracle scarcity and relation validity, source line 184",Classifier testing applies label- or feature-level transformations when exact predictions are hard to specify .,PASS_PRECISE_LOCAL_SUPPORT,DOMAIN_SPECIFIC_METAMORPHIC_TESTING,PASS_STRONGLY_RELATED,2026-07-27,Metadata and the nearby single-paper claim were independently rechecked; wording remains within the paper title/abstract/contribution scope.
63,xie2024wordclosure,Word Closure-Based Metamorphic Testing for Machine Translation,"Xiaoyuan Xie, Shuo Jin, Songqiang Chen, and Shing-Chi Cheung",2024,"ACM Transactions on Software Engineering and Methodology 33, 8, Article 203 (2024), 46 pages",10.1145/3675396,https://doi.org/10.1145/3675396,DOI_RESOLVER_PLUS_PUBLISHER_OR_SCHOLARLY_INDEX,PASS,"Section Foundations and Related Work / Oracle scarcity and relation validity, source line 184",Word-closure relations provide machine-translation follow-ups without requiring one reference translation .,PASS_PRECISE_LOCAL_SUPPORT,DOMAIN_SPECIFIC_METAMORPHIC_TESTING,PASS_STRONGLY_RELATED,2026-07-27,Metadata and the nearby single-paper claim were independently rechecked; wording remains within the paper title/abstract/contribution scope.
64,xu2024mrscout,MR-Scout: Automated Synthesis of Metamorphic Relations from Existing Test Cases,"Congying Xu, Valerio Terragni, Hengcheng Zhu, Jiarong Wu, and Shing-Chi Cheung",2024,"ACM Transactions on Software Engineering and Methodology 33, 6, Article 150 (2024), 28 pages",10.1145/3656340,https://doi.org/10.1145/3656340,DOI_RESOLVER_PLUS_PUBLISHER_OR_SCHOLARLY_INDEX,PASS,"Section Foundations and Related Work / Oracle scarcity and relation validity, source line 180","MR-Scout mines relations from existing tests, treating test code as evidence of intended behavioral connections .",PASS_PRECISE_LOCAL_SUPPORT,MR_ENGINEERING_AND_SELECTION,PASS_STRONGLY_RELATED,2026-07-27,Metadata and the nearby single-paper claim were independently rechecked; wording remains within the paper title/abstract/contribution scope.
65,yang2011csmith,Finding and Understanding Bugs in C Compilers,"Xuejun Yang, Yang Chen, Eric Eide, and John Regehr",2011,In Proceedings of the 32nd ACM SIGPLAN Conference on Programming Language Design and Implementation. 283–294,10.1145/1993498.1993532,https://doi.org/10.1145/1993498.1993532,DOI_RESOLVER_PLUS_PUBLISHER_OR_SCHOLARLY_INDEX,PASS,"Section Foundations and Related Work / Staged toolchains and watermark obligations, source line 190",Csmith uses random differential testing across compilers and configurations .,PASS_PRECISE_LOCAL_SUPPORT,COMPILER_BINARY_AND_FUZZING_VALIDATION,PASS_STRONGLY_RELATED,2026-07-27,Metadata and the nearby single-paper claim were independently rechecked; wording remains within the paper title/abstract/contribution scope.
66,yao2014_65,A Study of Equivalent and Stubborn Mutation Operators Using Human Analysis of Equivalence,"Xiangjuan Yao, Mark Harman, and Yue Jia",2014,In Proceedings of the 36th International Conference on Software Engineering. 919–930,10.1145/2568225.2568265,https://doi.org/10.1145/2568225.2568265,DOI_RESOLVER_PLUS_PUBLISHER_OR_SCHOLARLY_INDEX,PASS,"Section Foundations and Related Work / Mutation evidence and the unresolved oracle boundary, source line 198",Human analysis of equivalent and stubborn operators shows why some generated changes cannot or should not be killed under the intended semantics .,PASS_PRECISE_LOCAL_SUPPORT,MUTATION_AND_FAULT_REPRESENTATIVENESS,PASS_STRONGLY_RELATED,2026-07-27,Metadata and the nearby single-paper claim were independently rechecked; wording remains within the paper title/abstract/contribution scope.
67,ying2025patterns,"Metamorphic Relation Patterns for Metamorphic Testing, Exploration and Robustness","Zhihao Ying, Dave Towey, Anthony Bellotti, Caslon Chua, and Zhi Quan Zhou",2025,"Software Testing, Verification and Reliability 35, 2 (2025), e70003",10.1002/stvr.70003,https://doi.org/10.1002/stvr.70003,DOI_RESOLVER_PLUS_PUBLISHER_OR_SCHOLARLY_INDEX,PASS,"Section Foundations and Related Work / Oracle scarcity and relation validity, source line 178","Pattern catalogs make recurring relation forms reusable, but a reusable form still needs a domain-specific relation and verdict .",PASS_PRECISE_LOCAL_SUPPORT,MR_ENGINEERING_AND_SELECTION,PASS_STRONGLY_RELATED,2026-07-27,The sentence distinguishes the published pattern catalog from the domain-specific instantiation required in this study.
68,zeller2002delta,Simplifying and Isolating Failure-Inducing Input,Andreas Zeller and Ralf Hildebrandt,2002,"IEEE Transactions on Software Engineering 28, 2 (2002), 183–200",10.1109/32.988498,https://doi.org/10.1109/32.988498,DOI_RESOLVER_PLUS_PUBLISHER_OR_SCHOLARLY_INDEX,PASS,"Section Foundations and Related Work / Staged toolchains and watermark obligations, source line 190",Delta debugging supplies the broader principle of minimizing a failure-inducing difference while preserving its predicate .,PASS_PRECISE_LOCAL_SUPPORT,COMPILER_BINARY_AND_FUZZING_VALIDATION,PASS_STRONGLY_RELATED,2026-07-27,Metadata and the nearby single-paper claim were independently rechecked; wording remains within the paper title/abstract/contribution scope.
69,zhang2014_67,Search-Based Inference of Polynomial Metamorphic Relations,"Jie Zhang, Junjie Chen, Dan Hao, Yingfei Xiong, Bing Xie, Lu Zhang, and Hong Mei",2014,In Proceedings of the 29th ACM/IEEE International Conference on Automated Software Engineering. 701–712,10.1145/2642937.2642994,https://doi.org/10.1145/2642937.2642994,DOI_RESOLVER_PLUS_PUBLISHER_OR_SCHOLARLY_INDEX,PASS,"Section Foundations and Related Work / Oracle scarcity and relation validity, source line 180","Search-based inference fits polynomial relations to observed executions, but empirical fit remains weaker than a contract argument .",PASS_PRECISE_LOCAL_SUPPORT,MR_ENGINEERING_AND_SELECTION,PASS_STRONGLY_RELATED,2026-07-27,Metadata and the nearby single-paper claim were independently rechecked; wording remains within the paper title/abstract/contribution scope.
70,zhang2024metmapf,MET-MAPF: A Metamorphic Testing Approach for Multi-Agent Path Finding Algorithms,"Xiao-Yi Zhang, Yang Liu, Paolo Arcaini, Mingyue Jiang, and Zheng Zheng",2024,"ACM Transactions on Software Engineering and Methodology 33, 8, Article 198 (2024), 37 pages",10.1145/3669663,https://doi.org/10.1145/3669663,DOI_RESOLVER_PLUS_PUBLISHER_OR_SCHOLARLY_INDEX,PASS,"Section Foundations and Related Work / Oracle scarcity and relation validity, source line 184",MET-MAPF defines map and agent transformations for multi-agent path finding .,PASS_PRECISE_LOCAL_SUPPORT,DOMAIN_SPECIFIC_METAMORPHIC_TESTING,PASS_STRONGLY_RELATED,2026-07-27,Metadata and the nearby single-paper claim were independently rechecked; wording remains within the paper title/abstract/contribution scope.
71,zheng2025failure,Identifying the Failure-Revealing Test Cases in Metamorphic Testing: A Statistical Approach,"Zheng Zheng, Dai-Xu Ren, Huai Liu, Tsong Yueh Chen, and Tiancheng Li",2025,"ACM Transactions on Software Engineering and Methodology 34, 2, Article 41 (2025), 26 pages",10.1145/3695990,https://doi.org/10.1145/3695990,DOI_RESOLVER_PLUS_PUBLISHER_OR_SCHOLARLY_INDEX,PASS,"Section Foundations and Related Work / Oracle scarcity and relation validity, source line 182",Statistical models can estimate which source cases are more likely to reveal failure for a fixed relation .,PASS_PRECISE_LOCAL_SUPPORT,MR_ENGINEERING_AND_SELECTION,PASS_STRONGLY_RELATED,2026-07-27,Metadata and the nearby single-paper claim were independently rechecked; wording remains within the paper title/abstract/contribution scope.
72,zhou2016_70,Metamorphic Testing for Software Quality Assessment: A Study of Search Engines,"Zhi Quan Zhou, Shaowen Xiang, and Tsong Yueh Chen",2016,"IEEE Transactions on Software Engineering 42, 3 (2016), 264–284",10.1109/tse.2015.2478001,https://doi.org/10.1109/tse.2015.2478001,DOI_RESOLVER_PLUS_PUBLISHER_OR_SCHOLARLY_INDEX,PASS,"Section Foundations and Related Work / Oracle scarcity and relation validity, source line 184",Search-engine testing compares ranked outcomes without complete relevance judgments .,PASS_PRECISE_LOCAL_SUPPORT,DOMAIN_SPECIFIC_METAMORPHIC_TESTING,PASS_STRONGLY_RELATED,2026-07-27,Metadata and the nearby single-paper claim were independently rechecked; wording remains within the paper title/abstract/contribution scope.
73,bento2022software,Software Watermark Scheme,"Lucila M. S. Bento, Raphael C. S. Machado, and Felipe S. Simões",2022,"2022 IEEE International Workshop on Metrology for Industry 4.0 and IoT, pages 306-310",10.1109/MetroInd4.0IoT54413.2022.9831668,https://doi.org/10.1109/MetroInd4.0IoT54413.2022.9831668,DOI_RESOLVER_PLUS_PUBLISHER_OR_SCHOLARLY_INDEX,PASS,"Section Foundations and Related Work / Staged toolchains and watermark obligations, source line 194",A later scheme encodes and decodes binary sequences through function control-flow graphs ; its fixed public prototype supplies the independently maintained transfer surface used in this study.,PASS_PRECISE_LOCAL_SUPPORT,SOFTWARE_WATERMARKING_AND_PROTECTION,PASS_STRONGLY_RELATED,2026-07-27,"The citation supports CFG-based encoding/decoding; claims about the fixed public prototype are supported by artifact evidence, not attributed to the paper alone."
