path,sha256,bytes,mode
CURRENT-STATE.md,d2938508dbc7a70de24347514b932424b15a96a85ba2a8ad409fab3cc9326c76,3280,0644
artifact/LICENSE,33c6591ba797503354d3a265eced6a2b5e179addb6a155c64a6bbd71c0a09d38,1096,0644
artifact/README.md,cb0bc5b58dc71dd8804773924d036029d96cb8ed14e20e7265053e9a4ce659a8,3803,0644
artifact/REPRODUCIBILITY.md,2909200073faaa5c46a2fc1c5e524992573094dc3d566f54db3d805b45e60e23,1681,0644
artifact/audit/external_transfer_audit.json,06d1082b44fd9090dccef9eab3f59dfeea943f855af2a496cf671846e4253617,3011,0644
artifact/audit/external_transfer_rerun_report.json,8ada31a5195829d22ea1eebc86936ec4d48b7459d4da9f01023e6f3e9e322f5e,262,0644
artifact/audit/fresh_full_rerun_report.json,a91f8ae0aab347ac698a78f068043897a349402faf81643aeacc456031ff49b7,1256,0644
artifact/audit/package_audit.json,1ebe7f3b2ae3cc56bd26ce3905e77cb26eb7b289c33f575c0208b018cf2c52c8,7062,0644
artifact/audit/recheck_report.json,9fa722fccc331447060834f57bf236c53d0921beea2c647360207a5f6dbe242f,3262,0644
artifact/audit/runtime_path_normalization.json,6a58c08566c67cf792be4b8009e72023415364e7def71f470b21e33eb457ea27,261,0644
artifact/audit/test_report.json,db5077b336d50c422930b858a5617a44190e5ff205eb44797eb34b82d19d5724,414,0644
artifact/audit/unit_test_report.json,fc9806b51094a6614bb81a780d5b83bdadef33b77256bed527416649a6b0395c,93,0644
artifact/citation_support.csv,a9a5feefc3f0026f39b9a774c971d23e49499b795c9c7fad3fc74adf0868772b,29752,0644
artifact/claim_evidence_ledger.csv,f3c13db211ff13cf9373ebdb506f0d23cec5351660d8c70777bd530d6662c269,3749,0644
artifact/correctness_correspondence.csv,022e9da43241785b09b6930d9ba03bf8c900805ee6710086736445e040556aae,5080,0644
artifact/environment.json,195f27760ab33b8c10c920988a8df00f6fdca2313b3b1380aa48eaf458f409ed,715,0644
artifact/external-transfer/README.md,3b01c190765e5b840ba6ae81a2b296c226c9522722bdb22c6d27a9b4ebdd402d,2176,0644
artifact/external-transfer/acquire_sources.py,fa44d0186c8878a6306bf93cfa44260cd54adcec80d5cec08c21a7a0c60d4813,2018,0755
artifact/external-transfer/acquisition_manifest.csv,4961c0a7576e53d1b458c0fd3aa66b2de669671863785800d019b495df63bc07,2037,0644
artifact/external-transfer/compatibility_header.h,86649295ec4bfea85c75e82d5ac98739ea3fa674c13789a18901379676f325e7,69,0644
artifact/external-transfer/run_external_transfer.py,367358f5db340f969005d096bfa018737b7c56774a8f846e0f39773694986fd4,18792,0755
artifact/external_resources.csv,865ed22f21d6ede6c2d7f0be7f50ede9721185707c0b4c4ce698b051e6f6a23e,5016,0644
artifact/hosts/H01-gcd.c,bf207a4afdd7e623be4bd0751bdc1917c0ee550af0f38c0531b25bb726d1710c,1106,0644
artifact/hosts/H02-fibonacci.c,212d1fe91cf52f33ed783791c34fc023fdf99dccb0ca341d3844d624ff3a4b70,1047,0644
artifact/hosts/H03-bitmix.c,5c27c9eebd7692fad7689408e2fe6584e1fafdbe035b8bf2aaeecea6312deca3,1059,0644
artifact/hosts/H04-polynomial.c,d2aec92b283acd9bfc238b742e3966d7868fcb935c1ea8b67926a8941942ffd0,1034,0644
artifact/hosts/H05-crc.c,f4e43543a1f68ad2694da9eded1b815451884dc21de7bc57e541d288ab5519c8,1241,0644
artifact/hosts/H06-primecount.c,5bd3d0ff479b5dea18f8c5cb93f7a3c6311fbfad45eefebdc81a5c064ff2b278,1197,0644
artifact/hosts/H07-sortfold.c,f9fce25990cca81313af1ec178ed52e149b59d6b44ba3b93bdd181a9f2b29af7,1307,0644
artifact/hosts/H08-statemachine.c,fba50eec707069346cf3ea090e9a05dba20de69781363206f6c5de3f1aa21a04,1125,0644
artifact/hosts/H09-matrix.c,6a5f2b049a19ea0f49f3a53409703b691082972c8497a6cffe736079c46e2330,1324,0644
artifact/hosts/H10-parser.c,a4904da4fdc7ab416e8490cb24d999f0d8ce953853d714ca5e2c048e4e33724c,1145,0644
artifact/hosts/H11-popcount.c,8880e4292bf4fb3d805bf41dbc11fb0d41e1f60a65847c692325baf9c1965d74,1005,0644
artifact/hosts/H12-lcg.c,4b78026842a34a5cfb9c310023c11f715ffdd0fbbe9f2a28d1ef31a48ea7fec9,1012,0644
artifact/hosts/H13-zlib.c,3864196be46b044ec0d4d55ef5869353e1b78af212321b233eddfa5dd5f7890a,1050,0644
artifact/hosts/H14-openssl.c,b098e72516816e3f8aa797daf5a95eb4c1a2f5f48677b938919164d69c3a91f3,1182,0644
artifact/hosts/H15-sqlite.c,1151b24c2aa179a51400ea716bc049c5f335b786ac508c85d111ee6e02ead825,1460,0644
artifact/hosts/H16-xml.c,ee54bbe498d5cb3fd610d8482f1233065b026e27b6facc2098b7decdddc58096,1651,0644
artifact/hosts/H17-json.c,aecf3f4e7cf29e00c3eeeabb622161e2725e93c3ebd07e5c7e716225420af03a,1473,0644
artifact/hosts/H18-png.c,3820839cecd045f3a2eda8317c29e52bc6d1154d3a824dc169545b4faecc7060,2029,0644
artifact/pyproject.toml,2fdf750d55a1c0c9c231e7f640b402797cb7f93ddf32ddd6fd0888f5f88ae7db,379,0644
artifact/results/admission-study/derived/admission_failures.csv,addef4eefece65bf50851ca2571ea088d3c8c3065cd0e1da918d1f93c96710a5,159,0644
artifact/results/admission-study/derived/bootstrap.csv,50776aabbf432e97b82cd04ff27b0aacb7189d090d662deb8bacf6d355f51cb0,721283,0644
artifact/results/admission-study/derived/bootstrap_summary.json,eba4cecc7e94ad1e8123bbb99941fc0774f9ba48d3c176735fd7653475a4e82b,385,0644
artifact/results/admission-study/derived/carrier_holdout.csv,a97f091efa2a6e38a50fa4aa35d0ff5db7bfecc3ba57c406082f6bd1f2a91990,300,0644
artifact/results/admission-study/derived/class_holdout.csv,d70ac7cc4390c641cbb9245c53f351344aa5e3d5d8f6680079ad507699c91872,874,0644
artifact/results/admission-study/derived/legacy_transitions.csv,0526cb498e059523f39f14cb1d703e01d02032aba2b862694fd7295191ae0601,143,0644
artifact/results/admission-study/derived/operator_holdout.csv,fdab6fc5baae83ba126a85672c0b2e65d7a98b63b585c21937f9c8873db416dc,1468,0644
artifact/results/admission-study/derived/paired_comparison.json,f7d14a31f92e7b264545ba08c3db95c87d92bc2b9ae184a8b1323adfdf1796f6,475,0644
artifact/results/admission-study/derived/relation_outcomes.csv,ef844c66ff829d8fd460b9298156d84b301a9bbce32c9351b77097b97ddcfd3e,498,0644
artifact/results/admission-study/derived/rerun_comparison.json,f097f71a02b15832bff2337304f5715004ab6b8e9d4b582338e39c42617def2d,583,0644
artifact/results/admission-study/derived/suites.csv,7fbdd7b693252fc912e014faf3719eebf2c89d769b0220b94a339dc2ed31d348,251,0644
artifact/results/admission-study/derived/summary.json,30d3ec38dd6759fc35d594e3aa9629e3b5573e029b1f7de45d2ac647ec521c4a,3653,0644
artifact/results/admission-study/derived/unit_outcomes.csv,7fb92ad60b62a669fd07cea7b5d5ee5af08d371986ac79c760c9d0f02404628e,176088,0644
artifact/results/admission-study/environment.json,89a4d9ccef23c4aac2b38d2ddba8866a4be25b38d92a08a68da9000453f51403,963,0644
artifact/results/admission-study/matrix.csv,f9b77a0e93ea0ba33878d6ac088d4ed33e3919a16102ef91c721994731e19264,8130893,0644
artifact/results/admission-study/rerun.csv,fffdc3c3a87fb9924465a9e5833e0024961836310e0664b53ed3d5dda431aab7,8130878,0644
artifact/results/admission_denominators.json,b84ed4278098525938cdd8b308070cb87693911e9a97a883d34e5ef473dda3ef,1043,0644
artifact/results/derived/carrier_summary.csv,c62b8f307f4c5e1f8c48f466f5aa942f5decbadbdf32e2987712e238ffc421fd,80,0644
artifact/results/derived/fault_class_summary.csv,16cd04445b9875c1d4f517b3e0f5332a4ce8489e908b372b8e6c9abb9f5ca154,370,0644
artifact/results/derived/greedy_cover.json,8528289cc9dbf3641e11633ac6d4e98da836769ad95a6a49746f87edf1630c20,7368,0644
artifact/results/derived/pilot_summary.json,02df19c6add9efa025cfa446a18292dd8bf629fed5757594fa7c10a0d94fbe16,124,0644
artifact/results/derived/relation_sensitivity.csv,a0ad70e13103b764b42d4bc3f97ddc480cec77680f4c6518de1177c80f48cb9c,643,0644
artifact/results/derived/suite_sensitivity.csv,62552f0e8e922815bf01817cec62adf23a030bd67796da275b9c394a4acca119,286,0644
artifact/results/derived/summary.json,28e7c135d9cc0fbe7a2fed219e76e15cc098ea768af55ca58272cefce72aa4cb,887,0644
artifact/results/derived/timing_summary.json,48ee7d529318c42c27f0767be15202ad16d98e0e14ba479eb6b770eab55e2b0e,108,0644
artifact/results/derived/witnesses.csv,3ffac7d92bc8f641dc5ef57ed14a80945d79532043f69c785e649b4960f05d2a,6118,0644
artifact/results/external-transfer/case_summary.csv,3aafaaf9fa67bde2089fd96308ef879f93aeb467e56a37f0f4d83c9a855400e7,237,0644
artifact/results/external-transfer/execution_rows.csv,7c629c8493851ab694eea99cc2125c054ff743492eef58dde8eb21167b44459e,70752,0644
artifact/results/external-transfer/relation_verdicts.csv,b6c82927a0e235a1362e244359126dc58ce5aff4a036d13023802746b4d645da,19886,0644
artifact/results/external-transfer/sanitizer_rows.csv,40838033b57405c35c5a2b12e6a1791c54097661bc34f983e0d16458c9d072ea,626,0644
artifact/results/external-transfer/summary.json,2c4f7ce2c6144031405ce52b686cc7ecfb87da6f9cbf0aaab2f986bc58159cc6,1669,0644
artifact/results/fresh-rerun-2026-07-24/comparison_report.json,f9d566a357acde7de8132883a48a872fb8aa311ba9ab946f501bcc5f341eebc2,1501,0644
artifact/results/fresh-rerun-2026-07-24/derived/carrier_summary.csv,c62b8f307f4c5e1f8c48f466f5aa942f5decbadbdf32e2987712e238ffc421fd,80,0644
artifact/results/fresh-rerun-2026-07-24/derived/fault_class_summary.csv,16cd04445b9875c1d4f517b3e0f5332a4ce8489e908b372b8e6c9abb9f5ca154,370,0644
artifact/results/fresh-rerun-2026-07-24/derived/greedy_cover.json,8528289cc9dbf3641e11633ac6d4e98da836769ad95a6a49746f87edf1630c20,7368,0644
artifact/results/fresh-rerun-2026-07-24/derived/pilot_summary.json,02df19c6add9efa025cfa446a18292dd8bf629fed5757594fa7c10a0d94fbe16,124,0644
artifact/results/fresh-rerun-2026-07-24/derived/relation_sensitivity.csv,a0ad70e13103b764b42d4bc3f97ddc480cec77680f4c6518de1177c80f48cb9c,643,0644
artifact/results/fresh-rerun-2026-07-24/derived/suite_sensitivity.csv,62552f0e8e922815bf01817cec62adf23a030bd67796da275b9c394a4acca119,286,0644
artifact/results/fresh-rerun-2026-07-24/derived/summary.json,28e7c135d9cc0fbe7a2fed219e76e15cc098ea768af55ca58272cefce72aa4cb,887,0644
artifact/results/fresh-rerun-2026-07-24/derived/timing_summary.json,1c757e9ec1b8cf17515b88f85dbd85e9c66a7a677781149ec2ed3e78c0362bc1,119,0644
artifact/results/fresh-rerun-2026-07-24/derived/witnesses.csv,3ffac7d92bc8f641dc5ef57ed14a80945d79532043f69c785e649b4960f05d2a,6118,0644
artifact/results/fresh-rerun-2026-07-24/environment.json,195f27760ab33b8c10c920988a8df00f6fdca2313b3b1380aa48eaf458f409ed,715,0644
artifact/results/fresh-rerun-2026-07-24/raw/breadth_matrix.csv,6165333ab226d887d29e227152b23575de5eab5f75d2c76ca1ff060348e7de8a,101595,0644
artifact/results/fresh-rerun-2026-07-24/raw/catalog_matrix.csv,2c2ab568630d3420e102403f882f6f972968d09380560c7c83edff4781856f12,422547,0644
artifact/results/fresh-rerun-2026-07-24/raw/pilot_matrix.csv,272d3349d1379bf7e8229ce347720be71c717b96b32ec6cd8628e5bac439263e,409813,0644
artifact/results/fresh-rerun-2026-07-24/raw/robustness_matrix.csv,aced43e417387f6b3e7923ba1dcf1ebd200e58dadfb4231ff7ded431d6c48fd1,8004519,0644
artifact/results/fresh-rerun-2026-07-24/recheck_report.json,63cc0a1ad7d11433b9ec7ed51036e7481906b78a1d08f363a5f02eb436b032e0,1500,0644
artifact/results/protocol-history/external-transfer-runner-path-defect/README.md,07a59a0aa7853262cf2506704583faab76662b80b089092afbe5ab7893b3e46c,1251,0644
artifact/results/protocol-history/external-transfer-runner-path-defect/failed_packaged_rerun_summary.json,2f40174470d14e12581330b55ba569435e0f691618593dbd0eeb37c0897fac4d,269,0644
artifact/results/protocol-history/external-transfer-runner-path-defect/frozen-results-before-repair/case_summary.csv,3aafaaf9fa67bde2089fd96308ef879f93aeb467e56a37f0f4d83c9a855400e7,237,0644
artifact/results/protocol-history/external-transfer-runner-path-defect/frozen-results-before-repair/execution_rows.csv,29bbe8a5ef9245d210089bc4547636498fbd376d2b6bc618b8fdc3ac0872d656,71475,0644
artifact/results/protocol-history/external-transfer-runner-path-defect/frozen-results-before-repair/relation_verdicts.csv,b6c82927a0e235a1362e244359126dc58ce5aff4a036d13023802746b4d645da,19886,0644
artifact/results/protocol-history/external-transfer-runner-path-defect/frozen-results-before-repair/sanitizer_rows.csv,40838033b57405c35c5a2b12e6a1791c54097661bc34f983e0d16458c9d072ea,626,0644
artifact/results/protocol-history/external-transfer-runner-path-defect/frozen-results-before-repair/summary.json,2c4f7ce2c6144031405ce52b686cc7ecfb87da6f9cbf0aaab2f986bc58159cc6,1669,0644
artifact/results/protocol-history/external-transfer-runner-path-defect/runner_path_repair_report.json,f832f81d1fba8ef74a7c60e95ce704661b5871dbc83c42a47a96a73fe171ec8c,2382,0644
artifact/results/protocol-history/imported-audits/README.md,7ffc4f7d171ede7e0ce9e0aad9da31e4654803288e6bebb17a21c01b6d059327,542,0644
artifact/results/protocol-history/imported-audits/artifact--audit--external_transfer_audit.json,36639137fc22ed7befd359e4e9b30a36f9e0eb5184bae28b300103fc0eff18c4,4299,0644
artifact/results/protocol-history/imported-audits/artifact--audit--external_transfer_rerun_report.json,f832f81d1fba8ef74a7c60e95ce704661b5871dbc83c42a47a96a73fe171ec8c,2382,0644
artifact/results/protocol-history/imported-audits/artifact--audit--fresh_full_rerun_report.json,557a1425eded2e290c88e5a024bda2b92889cf4f72f1c6777742644c97f8032f,5397,0644
artifact/results/protocol-history/imported-audits/artifact--audit--package_audit.json,912708502f00002bf60356b0ef9c1dc6b3300785cf6f4a46d3883ce62a1cf73e,8738,0644
artifact/results/protocol-history/imported-audits/artifact--audit--recheck_report.json,83ed521dc7be9efaa1d0c0445543af13206fe98626f0263c304dd84c2381c472,5095,0644
artifact/results/protocol-history/imported-audits/artifact--citation_support.csv,a9cf2e42fa883d94db4707e2915f96086f8b5ea70b9e306063d7ddf17fbfa975,30503,0644
artifact/results/protocol-history/imported-audits/paper--author_metadata_audit.json,39920535850c17c02e18f02b838bb8a92c61faf776873e3c61c3a34e02a1f9f5,5468,0644
artifact/results/protocol-history/imported-audits/paper--citation_shape_audit.json,8529146b295056b888c711232aa446fefdd53a99e60ede5c39e5518224e17406,950,0644
artifact/results/protocol-history/imported-audits/paper--manuscript_consistency_audit.json,308a0b982a6c79a9a447285c474989d58c51e93c4ade4525a39d6fc983d26452,5152,0644
artifact/results/protocol-history/imported-audits/paper--package_rebuild_audit.json,1ba20071587908ff90f6eadf727ecffdf68011f640afaf9f3ae40a45ba0bf635,2394,0644
artifact/results/protocol-history/imported-audits/paper--page_fit_audit.json,4c258483f005b40eaeb24cd3c7d973346a6f52ee97dd5ce3836a8267980b1642,2100,0644
artifact/results/protocol-history/imported-audits/paper--reference_line_by_line_audit.csv,d0e058d84251bb3b2cfabd8e384c9baf6332e8bfc5f13457a19a7ce73525f713,57607,0644
artifact/results/protocol-history/imported-audits/paper--reference_verification_audit.json,e657ba8f7d381a71ad683961f134043c2691b5104c0cf45b7c6f666f7297c496,1781,0644
artifact/results/protocol-history/imported-audits/paper--visual_qa.json,7d83ac596632c3516c9a42037dc64f68d9db28ff066d5d49954a3193ac6ff82c,5142,0644
artifact/results/protocol-history/imported-audits/venue--acm_authorship.txt,8b878cf124b168c9c4b54cd782fa5232c8e17d8558e4bbcafce95c2c118a59be,208,0644
artifact/results/protocol-history/imported-audits/venue--acm_submissions.txt,39245bbaeca0e17a7f232c122b84910f062362e36dbddce0f895f7f9479039ed,259,0644
artifact/results/protocol-history/imported-audits/venue--public-policy-capture.json,623e0b56177d53dec077d3f7a12606ef2f7d274c2fc013bafedda922a43058d7,2322,0644
artifact/results/protocol-history/imported-audits/venue--tosem_author_guide_403.txt,c223d18b891b9a5627362953f70638992e09326fd50c8e792fd7d00b4506e1a5,132,0644
artifact/results/protocol-history/original-20-operator/README.md,47c62d6467d9ae7884066369d926f59bfd29b529b9b5add1d66c8145d71c0adf,577,0644
artifact/results/protocol-history/original-20-operator/base-rerun-comparison.json,9ee35273499502c7abb01fa8b9c5d16a66bc1782d51f9c96f6d32ac1357e04d7,5392,0644
artifact/results/protocol-history/original-20-operator/base-rerun/derived/carrier_summary.csv,7e8902799253488d5a00d4e2d567e86ade3e91e2a035852bd984ac64a43ef42f,80,0644
artifact/results/protocol-history/original-20-operator/base-rerun/derived/fault_class_summary.csv,f393f8d17c94348a843d2db34d6e9edff3e3c574d9b064e50bf806e07621e55b,389,0644
artifact/results/protocol-history/original-20-operator/base-rerun/derived/greedy_cover.json,8b643ed28e49a7b240c8dfea3d1283cc9e3f00b39c2771b02e0c88ea12f755dc,5855,0644
artifact/results/protocol-history/original-20-operator/base-rerun/derived/pilot_summary.json,e1a833b47368457e8d617ccd789e60dea94fa12c30436fcf4c0fe2a01cdb7df3,124,0644
artifact/results/protocol-history/original-20-operator/base-rerun/derived/relation_sensitivity.csv,66d3c0990946f15607f9271e37f8635b6f50bd6d77afc8fd2ec968ed0f2aeac6,646,0644
artifact/results/protocol-history/original-20-operator/base-rerun/derived/suite_sensitivity.csv,50e69a5d143b7757527d2c8c60344d17fa413425c6bf02f2350a66f7c7fc03fd,286,0644
artifact/results/protocol-history/original-20-operator/base-rerun/derived/summary.json,4d2f027b47713b489573520bd3b5d3c7293bf2f8f2b2227fb240a5f74c0a5da5,838,0644
artifact/results/protocol-history/original-20-operator/base-rerun/derived/timing_summary.json,67235e70d93a32a907942a78a3441b335455f20a9f853cb5153839cd15f65d3c,107,0644
artifact/results/protocol-history/original-20-operator/base-rerun/derived/witnesses.csv,e4825a30ab1ce681fece6a32b9afde1b948ae70a25dc497212acc5bf221ce3e9,4782,0644
artifact/results/protocol-history/original-20-operator/base-rerun/environment.json,291c16faf946260bab0ab42fe7ed6db40dd5b61e529d0e650e734ed2a7ac2287,1040,0644
artifact/results/protocol-history/original-20-operator/base-rerun/raw/breadth_matrix.csv,715dfb8c2f62df1a8eaf3340958e67adfa00d9931adf4879fca26c70153f38d4,101601,0644
artifact/results/protocol-history/original-20-operator/base-rerun/raw/catalog_matrix.csv,083f01a01c4d28f7dbd39d84f982996458ddfcfd4a83b33e27b928e96b6448d6,335484,0644
artifact/results/protocol-history/original-20-operator/base-rerun/raw/pilot_matrix.csv,3d62d180c2eafd8279d0239c871ca187a44c6b45a078b738ba9ff98a955882c0,322802,0644
artifact/results/protocol-history/original-20-operator/base-rerun/recheck_report.json,d853a7c33ac1f937470d1eec2fc0b6e8755f9e5cedd78651bbbf1b0d5317d540,1326,0644
artifact/results/protocol-history/original-20-operator/derived/pilot_summary.json,e1a833b47368457e8d617ccd789e60dea94fa12c30436fcf4c0fe2a01cdb7df3,124,0644
artifact/results/protocol-history/original-20-operator/derived/summary.json,4d2f027b47713b489573520bd3b5d3c7293bf2f8f2b2227fb240a5f74c0a5da5,838,0644
artifact/results/protocol-history/original-20-operator/fresh-rerun/comparison_report.json,3faad1f84ef0b0c5cf816a78fae31afa1acb6c1613c976e36822fb548ede2484,1511,0644
artifact/results/protocol-history/original-20-operator/fresh-rerun/robustness_matrix.csv,d74abb794e0fa56598ef2e65d2e3b7a119db186c85c19f5eb42b2db9f39f5004,6372188,0644
artifact/results/protocol-history/original-20-operator/mutants.json,168eabb861c8e32eda14813da4249bdce1207e9f75f6acaa8140eacff4002364,4280,0644
artifact/results/protocol-history/original-20-operator/raw/catalog_matrix.csv,6f54b1dddb69384dc5d8f595476f170a6e86c640b11b7a2a9616f069bea0e699,335478,0644
artifact/results/protocol-history/original-20-operator/raw/pilot_matrix.csv,f2f5547727f261bf2ad8f8dda48a5fee2c363e87710fb5b26b71c7bdbf9b30ff,322796,0644
artifact/results/protocol-history/original-20-operator/raw/robustness_matrix.csv,277470a01a9307fd934fb7ffc775e8666d4a7ba01b24533a1a1376722bc7ec63,6372168,0644
artifact/results/protocol-history/original-20-operator/robustness-derived/robustness_summary.json,1790b154c8c8649629ddbb091fd474d10b4c7990107628e730d8fca575f0beea,1790,0644
artifact/results/protocol-history/original-20-operator/source-snapshots/pipeline-before-audit.py,0a3364964910e447f471682fa728003dc512ab35fdce3d9e3f972fb72450f4e0,13763,0644
artifact/results/protocol-history/original-20-operator/source-snapshots/relations-before-audit.py,25c2066e30f51b7a7209d383341542274ca50864fa853d0081d93be85344a0fc,8831,0644
artifact/results/protocol-history/schedule-sensitive-parallel-observation/README.md,e1d35b5984c0aa8455df56b56d23b1027c06b61b8f6ec9148afcde29d7508519,740,0644
artifact/results/protocol-history/schedule-sensitive-parallel-observation/comparison_report.json,20cf79909b618c8dcf266f7c30f5576657929a5e23de31be65431fa09548870d,14980,0644
artifact/results/protocol-history/schedule-sensitive-parallel-observation/raw/first_robustness_matrix.csv,806986e6f3a30c1cd27e409236151d4d653b06656ba8a4d4eedd5ea7d2aa06a2,7995982,0644
artifact/results/protocol-history/schedule-sensitive-parallel-observation/raw/second_robustness_matrix.csv,fab56751691f893680d24268337b6343f8ed4f82783ca53c402c1e16734e320c,7995942,0644
artifact/results/protocol-history/schedule-sensitive-parallel-observation/source-snapshots/relations-before-observation-normalization.py,ec9c7e41d0332ab937e562893cd93af94443b26fe61c11a7c4fed07e42115102,9791,0644
artifact/results/protocol_row_classification.csv,228a28761d9cbbb2ec45d45088f33e2ac665f236dfbaddacc4c0109ffc58372e,1387415,0644
artifact/results/raw/adverse_transformations.csv,09f893fe3062b23961fddcc2fa27ab8c99d7feaf9acb5a1948675dda65e538ae,93489,0644
artifact/results/raw/adverse_transformations.summary.json,a88766a61e001a3a867cda9306c7a9b01ac38f471109203532e7dcb7b3620e31,230,0644
artifact/results/raw/breadth_matrix.csv,c4601fb7ccaaf5440b804b3b927ec5d642182a5eef00c18d145899ada1fa2ded,101600,0644
artifact/results/raw/catalog_matrix.csv,b6b193bdca3144ea33e83449ce51855dbd5f811064c75cd9db7c486cc87e0f21,422531,0644
artifact/results/raw/pilot_matrix.csv,4542d1c85b255a3a8a465c43a4b360b966e32d0ea90d316b768d22aa03b6058c,409829,0644
artifact/results/raw/robustness_matrix.csv,35912a6876f0e63c09ba1e404c528fc239a6d17747480933bcf37cf4c8f14054,8004488,0644
artifact/results/robustness-derived/bootstrap_replicates.csv,995ddb047164fdb277ca2df37206bbe292c8eede43600613610253dfbc3111e4,801817,0644
artifact/results/robustness-derived/bootstrap_summary.json,1a4e5caecf5dc51a56cda085e98825cdb89fb541336c448d6ab3ace22a4bfb57,659,0644
artifact/results/robustness-derived/carrier_holdout.csv,f77f70a3bb4254ca02904aeed0cea0494913a25030032dd604bc22f1a4be8e61,322,0644
artifact/results/robustness-derived/fault_class_holdout.csv,91679e5fa14cc1dd77feee70a4620e2bfc14169ccf557d31202937cc115b6e10,1178,0644
artifact/results/robustness-derived/operator_holdout.csv,4e5347cc86b6e5b4104a412f5733015d512f4462f148eae22fd2343d74bd441b,2219,0644
artifact/results/robustness-derived/paired_mcnemar.csv,2e6e8ffc2993ce2917d4d4f52de9768aec621e551162a5cc2697d1b771ebcae2,351,0644
artifact/results/robustness-derived/relation_sensitivity.csv,6aafd6874e38f94a1013d13354fa62628ce85956056316f8c9ba9b66b9134cd5,315,0644
artifact/results/robustness-derived/robustness_summary.json,93ded8b43648fc2c10b69a776182fa48861a0a3cb28ca02dfad8994f7e94b575,1949,0644
artifact/results/robustness-derived/suite_comparison.csv,19226b5451272e132ae8713b611bd822156a4ed332dbc1ff5b48589c60a467a0,288,0644
artifact/results/run_manifest.json,34d7cf8cdad7c0fca70d53086d9646618009013c77685697d9b786ad0a7a64be,1703,0644
artifact/results_manifest.csv,5f1d7ec9eb4b4c304e1b8ba415dbe306b2ed1ccf52a1235a257ace0fc56c8c59,4306,0644
artifact/reviewer_attack_matrix.csv,981ee34042748c3b081bba1d64394a576f91aa7acaf6d841755f9b1cf93006bb,1251,0644
artifact/scripts/audit_references.py,7fe392f62183ef90fae7233570277c6c828d5f01ba37bb8ad2afc69299e3e227,7915,0755
artifact/scripts/build_paper_optional.sh,f3f66b2448917016774cf1136a9e5ac98b129eeb92a54f8320c8bb70e556abe5,412,0755
artifact/scripts/compare_fresh_rerun.py,8da736367c408651acbbdba4b1a3e88162283065a17b47e9e9b4219a96a882cb,6530,0755
artifact/scripts/compare_robustness_runs.py,a2c0d33ae0684fe5632629ac0b740d9f8b3b6d8ea57489dc2fa74f467e832013,3568,0755
artifact/scripts/derive_admission_study.py,9fc9e3e025277ca718ce9bcfdd88e2cba6a16a412b92da38f684d2e04601e9bc,11090,0755
artifact/scripts/derive_robustness.py,a9b927b411da4cb6ae9703ed489a8aece9b3299d7c75961689efada67f773118,14073,0755
artifact/scripts/generate_admission_tables.py,4b7dc62786dec2f5c4cb741889e192ca6fbab141f6e60e787e7ebd302172b9f7,7058,0755
artifact/scripts/generate_ledgers.py,02298260985967b2ee92c35a7870a662ff067796392658e6ca6869eca7a66569,5032,0755
artifact/scripts/recheck.sh,fcc051f03cede3c3837f991c0c5f6249f69994d134cb3cb4d3c0454fe7e5003d,171,0755
artifact/scripts/run_admission_study.py,3f7ae8b4ba61d659933df7475803d4f9e94048fee8f85178e282658a9486e7b5,3051,0755
artifact/scripts/run_adverse_transformations.py,c845799df7e3864e2d5dffaa98de8affbf9a7852dfe5aad50f2b255c1eede7c2,4233,0755
artifact/scripts/run_base.sh,88be15d952aedfe8dbc849861934123271700c9251fe2bed50a54fc53dc6b8d6,308,0755
artifact/scripts/run_base_rerun.py,6c3aa1162d5f7b14910ec8b28ed03ac73022400bac77f698d00f6adcb116e438,2408,0755
artifact/scripts/run_complete.sh,2e8154fb1bcaad2058d933660c1eb89e2ed43a91b052cd69a4eb739647357480,93,0755
artifact/scripts/run_full.sh,7f11eb58ff07a0234b39da083987509570f67c8b3b527a77166c37c479822940,708,0755
artifact/scripts/verify.sh,71bcc8644cc36ef4259570b897ac969eab1abcc58103b5e7fda6b70f2295346b,148,0755
artifact/scripts/verify_package.py,e4bcb5860f92efaadb0026dfa9c254b8b2df45c4173ef11e6c3affbbdaeebb7c,5076,0755
artifact/scripts/verify_release.sh,744ca30bafc7e35e00b92535775a2beb32169aad569ee0d1fe79fe82cb7e8218,475,0755
artifact/scripts/verify_science.py,2e6344433a0f073fa45a8778010b83097582f08222de8c917f8b41e33854401c,4730,0755
artifact/scripts/verify_science.sh,625605f6f382c2ed732ed0385e505f0cf2b9edf862ed6c5716b58a145a350022,362,0755
artifact/specs/evidence_relations.json,ddb09ffc1889a5a0caab607ee59ad3df65ddc5459a48f42d3d581d154dfecdea,11246,0644
artifact/specs/mrspec.json,95e9246583b9672b61daa6500046bb099dd04d617014850cd52aee8c3237864f,10280,0644
artifact/specs/mutants.json,96dba7540463212236c7f76bbcea703d71ca97251a3af00d84a13b487c167cfe,5199,0644
artifact/src/tosem02/__init__.py,46c663463329acd7039bdef0a9145293aad32e04d7f0dd06ca2719c99f0eb014,22,0644
artifact/src/tosem02/admission.py,f311c80c0813bc59489ebd7c0c6b3269eacff4a38b92569f4ca4f50b78586133,12035,0644
artifact/src/tosem02/catalog.py,5b0b0bb046634f2c8663629a8969e6af040242f131ee5b5a95fe264f8fce062b,685,0644
artifact/src/tosem02/cli.py,0c5ec21dd8f3337b7c1e33aedacb65f69b9b45da1e9b50250db1fde5cccad4df,2871,0644
artifact/src/tosem02/derive.py,44c4b025b55e281be599f295e075148b9902c1dd6af0d76fbc82506871c8580e,7957,0644
artifact/src/tosem02/evidence_boundary.py,9452ce4af5edec7681f9890372f27081104c943833940dcb6dd21aa0f06fa51b,5200,0644
artifact/src/tosem02/evidence_catalog.py,1df0ff44a8ca1060e3e48078be2eb4fde28656628068c754b76b10107db36f39,1335,0644
artifact/src/tosem02/model.py,54394be0ee9b8c477548adb5f4013f7c99a464aacf54524082eae5291e357f0d,1186,0644
artifact/src/tosem02/pipeline.py,cb6353cc4991e619b2ad420e2dcd98a6e9d4490bc790eece28dda99047b85d83,17283,0644
artifact/src/tosem02/recheck.py,9f7d18a6ba46588396f5c1fb2790a8966a75f8abe579d50ecfd2a3b6850ef23b,10203,0644
artifact/src/tosem02/record.py,10b36a4e7dcc2a70cb2ebdb686cc07e95bc72068144032972f22935df3f8c79a,5231,0644
artifact/src/tosem02/relations.py,8c431ef2cffac5c138805572f5d3c1c68efcb3b6f50ecc922af2261918af7f01,9831,0644
artifact/src/tosem02/runner.py,9fd41f80aefe82fc3ffa1fb1863ee93ea2adba22088660b9c276ff5e24e84ea7,9899,0644
artifact/src/tosem02/trace_runtime.py,16c08b2670557483dbdb8c636fab8be8af9a719e83bdd01d41ec6ab9ae145aa2,6970,0644
artifact/submission-materials-map.json,ed80c44a5f671d153b02a2f1c167a10b5f1fe8ff4f74a69b717d3aa245d38747,362,0644
artifact/tests/test_admission.py,ccc75c814c7386bd9b377b536519d9f710ab49fce63b9bf6032c28b040b9f8fd,2599,0644
artifact/tests/test_artifact.py,a3daca9c4386fa270e468101a78c94b21c89ce21e63487f0b54d6f706ec1ef59,7079,0644
artifact/tests/test_evidence_boundaries.py,72cdaa6cbf77a70d18798025c01e82f9af1f1334a3848d831eed788bbf5adafc,4715,0644
artifact/tests/test_evidence_catalog.py,aed30a9dafe8a383a253e54787dfa40255f7438c1d351d15f98d571064bc0def,972,0644
artifact/tests/test_external_transfer.py,a379ac7c9fbbf5b9541dbfc1dc768844cdf2aff10f2a5c353b694ab956da91b0,2852,0644
artifact/tests/test_release_safety.py,6524bee8fc86484ed61cc464bcf8f2ff765b260f7fe6056e6e498bce1e3ffdf1,1775,0644
artifact/venue-calibration.csv,b2d42f6af9c4b50a0d8a9201a3ade77e6bc36df944fe9f27745521ca31f560b2,4268,0644
artifact/venue-evidence/official-lock.json,c9f4b50fbd2041ea410be2df2c54a1dd61d8e9be3e51b9c77837721ca45caae0,1270,0644
paper/ACM-LICENSE.txt,ca3227f672053cb608959d7e1d476c7a13efea11be3f6e53758a68b650c918e8,19040,0644
paper/ACM-Reference-Format.bst,8ec002c927068bfc5b3cfe71b66aa4767b9e485530ac3c67ba5c064df4c2e6ac,93560,0644
paper/AUTHORS_DRAFT.md,890939ea99ce9c54e5d50aedef744d1dfd2d7b6444501e385d52558b36987cf7,411,0644
paper/AUTHOR_MODE.md,206b9d1d28e2430410125fc2d013ec27ac8ce4d4cb86cf89080760ce996922ff,1214,0644
paper/BUILD.md,8e3c1a6f047559081eacbcbf4bb1c215f38323fd288aebf959a58f77df09f793,671,0644
paper/SOURCE_MANIFEST.md,78bac07ac2bad477e401e23162661107941e3cb3ae2b1c795fa10496ddb2d74f,704,0644
paper/VENUE_RULES.md,60429797a64f591b42e40a53963b4386335e9c41a05e8e144125158f9205a7cc,1447,0644
paper/acmart.cls,2f949e6e3f2a79f2cdc218b9dcdbaa7dd451adb4ee0be1af6dc7ebe00b318ea7,121737,0644
paper/author_metadata_audit.json,b2db19e35052d52c68ff57f11be62e578a528ca2461bfd520b43d6dd17fbc5a0,3815,0644
paper/author_plan.json,f1a9c825064a002c2fea885cffe1967d63157cbf3c75feac8b4487902193a39e,1779,0644
paper/authors.tex,a8c4a38f3140c9f8ed17e7c27dceb7fec83b450a2c4d87f131e4c66defc56dff,1200,0644
paper/build.sh,7615fa9f996e338e9076307b68ad70e4377900ec6992d74af2de70ec7f712d7a,1815,0755
paper/citation_shape_audit.json,ff09bbed393f6c35e64010f40383899d94b6c956f69cc2a5477512c98f1bd1b4,568,0644
paper/evidence/reference_records.json,ad3423c6dc94e19ed911625e0c64d85fcc9f035863bc295593223513f6ac75d0,47658,0644
paper/evidence/reference_review_20260923.json,cc04d654195a1ceacc474d73e96649768b74b484bce36f9d407228e1e5a86812,29856,0644
paper/figures/architecture.tex,c206ab08d03e0687ef9b47336143e3a15acb1e0c2d237e3458dc4847f57585d0,1379,0644
paper/figures/evaluation-design.tex,2c1dd4dda24fd44dce0c00e4206c76e40b7adcb67bb09e86eb8071a4cee8be2a,2138,0644
paper/figures/external-transfer.tex,1cbfb1c7f131d1abf371619210f0909c664ea10405436106835877d4855dba11,909,0644
paper/figures/motivating-counterexample.tex,b330bdb50ccd9aea11070645a411410fba64bb223bbb4f359e73c62c36fe48f1,1691,0644
paper/figures/results-overview.tex,f04f06c9d5915d96d45327fe3a4b876572ab489e14e4e80fbd1d157110a7d2d2,3184,0644
paper/figures/trace-model.tex,fa63c4db8d294cf0088b83c39a4149a100b121f254cb43247c9d2c1dffa573fd,1385,0644
paper/font_audit.txt,1c04bc1fb092c5aa5e30601e84ed3b0a7e20f3ff51bbedb0009b48dc8918790e,7491,0644
paper/generated/admission-class-holdout.tex,310b3bc1716a1046ba85489d9e8bd0e2f171ba3c03681e2c63ed0d21de927f52,802,0644
paper/generated/admission-overview.tex,9f1d32043710e6d0fb74551a75815e6dfa7dd8934dba81c649c08092dafae642,517,0644
paper/generated/admission-reasons.tex,4f4d53e74a3996aee10534549e24468550c15bd64371d28df5789c8642c0064f,658,0644
paper/generated/admission-relations.tex,aa78d0c6709e89e40ce4ec235500594ad89b92f8ca3d319e27bfae07c3ff0ca3,736,0644
paper/generated/admission-results.tex,6c49460152afa88515caeb081a81ff7389f4bd83bbee3542188f95b3d6a8d6fe,855,0644
paper/generated/admission-suites.tex,150a7862df66eac1da79c538aac06b7f1d6534c50bd8b54a971bbd7652f79156,522,0644
paper/main.bbl,cbf9343499ed9bd69111800f3008125aaf67412925ae53c3d98ee63676c6db4e,48205,0644
paper/main.pdf,a3613adef2976b70d8e4ea2d160f30b647a883eff9fe49e38f04ceafb30aa0ae,762578,0644
paper/main.tex,9508925d327c45b7a8e086d8e3bbbcef69d48d6d127a3e51c10d4c048bc178b7,168636,0644
paper/manuscript_consistency_audit.json,ffe1b2dd4c58d073d31c5339e2c237fc630cc8466e8e7caede922b871f8a00be,5331,0644
paper/online-supplement.pdf,87c2cd93e9de3342cb828a6cee3c5a8fba5acdb22719a9b28b4cc93e34441a73,379677,0644
paper/online-supplement.tex,96b7df1d869b99039e44a2383a4443189d9e565e76703f6e03c3a8a4e5802e9e,9594,0644
paper/package_rebuild_audit.json,b3285c674972eacc0482f7ac9a22095de1866c7ed1f286bf0a8ac13d09a627d0,1620,0644
paper/page_fit_audit.json,1b6acab721a7a48ef2e8f114ba179c118d6fa861309f3b07319d5c5e095495cb,934,0644
paper/paper_patch_report.json,7dd10c318f48390182f7c14fbe530cc9e3c75ec39227387442bc64e21e8da1eb,241,0644
paper/pdf_preflight.txt,4f07d629c9f402efcc27ec5f7b2e50f80ed206bd027aff9501655abc963a0be7,701,0644
paper/reference_line_by_line_audit.csv,78f5a561eabea0acf7374722c5c7b7b93f2bcfb46ace77ca5d282320b4b077c0,44925,0644
paper/reference_target_lock.json,2ee99ec254fd29079c39ccfb7dbe003e5f5fb8e42240a4a603c561ef3056a569,6790,0644
paper/reference_verification_audit.json,e1381eccf84cab2713019eae17fe5ba0f9f8d02acd98f6dcb1927666254587b6,961,0644
paper/references.bib,898b15ca4b63708abd84ae992fa5cc32a244ab4f303c365b9308eab08a30b8f2,27160,0644
paper/submission-manuscript.bbl,cbf9343499ed9bd69111800f3008125aaf67412925ae53c3d98ee63676c6db4e,48205,0644
paper/submission-manuscript.pdf,bb4b1a32086c72c4477f18bf036e7855157a76e3c325e5e8ddef3b5760fd2408,753972,0644
paper/submission-manuscript.tex,be9f8f5e50d4aa7faa6b60ed81286f8cb9a254cef17b60e3058387a5815451a2,168638,0644
paper/visual_qa.json,af6579f3eeffe3024cc33bfd62883ad86ba57acedef43c4d50c59453cdac34d0,18440,0644
research-plan.md,b56a79d0e5e57f84f13366b176e6d0b5e4f03e75c96b0d0cd6d94b0efc0ce9ae,1753,0644
