citation_key,manuscript_location,scholarly_identifier,source_locator,support_paraphrase,evidence_sha256,verification_status
altamimi2023_01,"Foundations and Related Work / Oracle scarcity and relation validity, line 134",doi:10.1002/smr.2509,https://onlinelibrary.wiley.com/doi/10.1002/smr.2509,"A systematic review of relation automation classifies generation, detection, and selection methods, and finds that automation remains strongest in domains with accessible mathematical structure .",5decf0beb040e039b240e7f50b8ba8e79bf161eeb6ccc72e3f65322efb120612,RECORD_LOCATED_SCOPE_LIMITED
andrews2005_02,"Foundations and Related Work / Mutation evidence and the unresolved oracle boundary, line 154",doi:10.1145/1062455.1062530,https://pure.ul.ie/en/publications/is-mutation-an-appropriate-tool-for-testing-experiments/,"Comparisons among mutation-generated, hand-seeded, and known faults treat mutation as an experimental instrument whose representativeness must be examined .",b864cdd7128fc5959cf699f5e49f2cd8ec0bfa541ac29f1c80cec544516f3d61,RECORD_LOCATED_SCOPE_LIMITED
aschermann2019_03,"Foundations and Related Work / Staged toolchains and watermark obligations, line 148",doi:10.14722/ndss.2019.23412,https://www.ndss-symposium.org/ndss-paper/nautilus-fishing-for-deep-bugs-with-grammars/,NAUTILUS preserves grammatical structure while generating inputs that reach deep parser states .,62181327a3e581ad1fd2b6cf585502128b64a11feee8130adba0d4e8eff5c33e,RECORD_LOCATED_SCOPE_LIMITED
ayerdi2025marmot,"Foundations and Related Work / Oracle scarcity and relation validity, line 140",doi:10.1145/3678171,https://dblp.org/rec/journals/tosem/AyerdiIVRIA25.html,MarMot checks relations at runtime in autonomous-driving software rather than only in an offline harness .,b6d24ab5c6ad93afd0b1b9bbb14a57999321507a6781701022ae7026d1a28a82,RECORD_LOCATED_SCOPE_LIMITED
barr2015_05,"Foundations and Related Work / Oracle scarcity and relation validity, line 132",doi:10.1109/tse.2014.2372785,https://discovery.ucl.ac.uk/id/eprint/1471263/,"Modern accounts broaden the problem to expensive, partial, and fallible decision procedures .",a35c0f221a742dfed0f509d66b3498d497f7900706f4fe4fa928969c6728d6af,RECORD_LOCATED_SCOPE_LIMITED
blasi2021_06,"Foundations and Related Work / Oracle scarcity and relation validity, line 136",doi:10.1016/j.jss.2021.111041,https://www.sciencedirect.com/science/article/pii/S0164121221001382,MeMo extracts relation-like statements from documentation and turns some into executable tests .,7e80034e197aa35ce49a3e46cfc27693d1b8b2dd917ff3c54637e74f3c8a1a33,RECORD_LOCATED_SCOPE_LIMITED
chen2016_07,"Foundations and Related Work / Staged toolchains and watermark obligations, line 146",doi:10.1145/2884781.2884878,https://dblp.org/rec/conf/icse/ChenHHXZ0X16,Comparative studies confirm that generator assumptions and oracle forms change which compiler defects are found .,c3bc9e0bfc0c7eaf4356573b667f14a9dc16457fd00cb6cda897f6d1651431b5,RECORD_LOCATED_SCOPE_LIMITED
chen2022compiler,"Foundations and Related Work / Staged toolchains and watermark obligations, line 146",doi:10.1145/3508362,https://ouci.dntb.gov.ua/en/works/7PxQ5az7/,Optimization-exploration methods search pass spaces for greater behavioral diversity .,bd05b7df57701b6054676e113c47370cbb95c646614e1b7d8cf2534c64555fd9,RECORD_LOCATED_SCOPE_LIMITED
chen2018mt,"Introduction / , line 83; Foundations and Related Work / Oracle scarcity and relation validity, line 134",doi:10.1145/3143561,https://dblp.org/rec/journals/csur/ChenKLPTTZ18,Metamorphic testing addresses oracle scarcity by relating several executions instead of judging one output in isolation . || Metamorphic testing turns that inference into relations among executions .,9542576a224c434fe0c8dc8b6b62d524515e1abad63eb6aa06f4600f52acb226,RECORD_LOCATED_SCOPE_LIMITED
chen2016_10,"Foundations and Related Work / Oracle scarcity and relation validity, line 136",doi:10.1016/j.jss.2015.07.037,https://www.sciencedirect.com/science/article/abs/pii/S0164121215001624,"METRIC derives candidates from category-choice models, so domain partitions are made explicit before tests are generated .",b1dbe75c69f473f81e3b4fd29bceefa245b38a1e8a809b9f4b6c94b3e91b7333,RECORD_LOCATED_SCOPE_LIMITED
chen2003_11,"Foundations and Related Work / Oracle scarcity and relation validity, line 132",doi:10.1016/s0950-5849(02)00129-5,https://www.sciencedirect.com/science/article/pii/S0950584902001295,Necessary behavioral properties can still reveal faults when a complete expected output cannot be written .,25c1042712c10f66d0485995d52d5bb62f7cf15dfe3785a267c7df5441a15eb1,RECORD_LOCATED_SCOPE_LIMITED
chen2011_12,"Foundations and Related Work / Oracle scarcity and relation validity, line 132",doi:10.1109/tse.2010.23,https://hub.hku.hk/handle/10722/136222,Semi-proving strengthens such tests with symbolic reasoning while remaining distinct from a full proof .,b6d7ab451dd85739c2ec8121ee65a57e22f55f930bdc0ee9822fc340a6a98eb1,RECORD_LOCATED_SCOPE_LIMITED
clark2024causal,"Foundations and Related Work / Oracle scarcity and relation validity, line 140",doi:10.1145/3607184,https://doi.org/10.1145/3607184,Causality testing turns an assumed causal intervention in a scientific model into an executable relation .,69913830cfc40ab6a35b928caa65cf400fc9b9b99986bbe87b78e9c8eaf6b752,RECORD_LOCATED_SCOPE_LIMITED
collberg2004_14,"Foundations and Related Work / Staged toolchains and watermark obligations, line 150",doi:10.1145/996841.996856,https://dblp.org/pid/c/ChristianSCollberg,Dynamic path-based watermarking makes execution inputs and traces part of recognition .,9eff48ccc7ef283e9bb65433e197c81aefe44c66949f2bfdd99a8c75e2e14737,RECORD_LOCATED_SCOPE_LIMITED
collberg2009_15,"Foundations and Related Work / Staged toolchains and watermark obligations, line 150",doi:10.1016/j.infsof.2008.09.016,https://www.sciencedirect.com/science/article/pii/S0950584908001377,Detailed analysis of graph-theoretic marks reports concrete attacks and implementation trade-offs rather than one undifferentiated robustness score .,2d7dc5ac3a4919f2e8d8b2e66f4c9e4590c91a919ded2a7e36df10c305b4bb07,RECORD_LOCATED_SCOPE_LIMITED
collberg1999watermark,"Introduction / , line 81; Foundations and Related Work / Staged toolchains and watermark obligations, line 150",doi:10.1145/292540.292569,https://dblp.uni-trier.de/rec/conf/popl/CollbergT99.html,"Robustness under semantics-preserving transformation is part of the classical watermark model . || What a watermark contract must preserve or reject. Classical software-watermark models distinguish embedding, recognition, stealth, and resilience under transformation .",12cf4977610d6d1c77feb80b8c58a48b26f1303cbd80a9fb87f06ce32e83c2fe,RECORD_LOCATED_SCOPE_LIMITED
collberg2007_17,"Foundations and Related Work / Staged toolchains and watermark obligations, line 150",doi:10.1145/1286821.1286826,https://experts.arizona.edu/en/publications/dynamic-graph-based-software-fingerprinting/,Dynamic graph-based fingerprinting adds instance identity and attribution to payload recovery .,06f046afb17829a73ea3c4bf893ce2e7483aede403fb2fdefcb456054c539cc0,RECORD_LOCATED_SCOPE_LIMITED
thomborson2002_18,"Foundations and Related Work / Staged toolchains and watermark obligations, line 150",doi:10.1109/tse.2002.1027797,https://experts.azregents.edu/en/publications/watermarking-tamper-proofing-and-obfuscation-tools-for-software-p/,"Software-protection surveys place watermarking beside tamper-proofing and obfuscation, where the same transformation can be intended in one context and adversarial in another .",3a266819e0c7e4ecb8b9cc7ff215f314662b13df353cd52a73e1de974920fc15,RECORD_LOCATED_SCOPE_LIMITED
cousot2004_19,"Foundations and Related Work / Staged toolchains and watermark obligations, line 150",doi:10.1145/964001.964016,https://cs.nyu.edu/~pmc309/COUSOTpapers/POPL04.shtml,Abstract-interpretation-based watermarking formulates embedding and extraction over semantic abstractions .,db67c0981ab19c3512767a9b7e824d322af6ae3b6206dfbae18819efd0359668,RECORD_LOCATED_SCOPE_LIMITED
demillo1978_20,"Foundations and Related Work / Mutation evidence and the unresolved oracle boundary, line 154",doi:10.1109/c-m.1978.218136,https://dblp.org/rec/journals/computer/DeMilloLS78,Mutation analysis asks whether tests distinguish a program from plausible nearby alternatives .,16f31cceedf91bfed43c6b8b05e52a2b232e08689c2ad47dc0bd5dab690666cc,RECORD_LOCATED_SCOPE_LIMITED
dey2019_21,"Foundations and Related Work / Staged toolchains and watermark obligations, line 150",doi:10.1007/s41403-018-0058-8,https://ouci.dntb.gov.ua/en/works/7AgLN5wl/,"Reviews of software watermarking also find evaluation fragmented across threat models, carriers, and empirical settings .",59cd4633307b38e01bdab8898375580cc1ebd5f428acdb23f41051c25162bff1,RECORD_LOCATED_SCOPE_LIMITED
donaldson2017_22,"Foundations and Related Work / Staged toolchains and watermark obligations, line 146",doi:10.1145/3133917,https://2017.splashcon.org/details/splash-2017-OOPSLA/55/Automated-Testing-of-Graphics-Shader-Compilers,Shader compiler testing combines constrained generation with differential oracles .,fe52bf4cee8a7c5fac4e1e6b8343688f072a9b30a3f341fb14303ff5090c7947,RECORD_LOCATED_SCOPE_LIMITED
dutra2024formatfuzzer,"Foundations and Related Work / Staged toolchains and watermark obligations, line 148",doi:10.1145/3628157,https://rahul.gopinath.org/publications/2021/09/23/arxiv-formatfuzzer/,FormatFuzzer compiles binary-format specifications into generators and parsers .,3db9b5c258726288a9476ff343fefd25d185bc23ed146b6dd86f229d3d0d108c,RECORD_LOCATED_SCOPE_LIMITED
gmezabajo2023_24,"Foundations and Related Work / Oracle scarcity and relation validity, line 136",doi:10.1016/j.infsof.2023.107164,https://www.sciencedirect.com/science/article/pii/S0950584923000186,"Domain-specific metamorphic environments show that execution also requires generators, adapters, and observation logic .",2495cba85c574007bb3ec7d3118983976122272a927489785f7a20175802333b,RECORD_LOCATED_SCOPE_LIMITED
lim2009_25,"Foundations and Related Work / Staged toolchains and watermark obligations, line 150",doi:10.1016/j.infsof.2009.04.011,https://www.sciencedirect.com/science/article/abs/pii/S0950584909000469,Control-flow similarity has also been used to support theft detection for Java programs .,bf34003f552b6987caff52e3f3f52921ee71b1041568f83ea7d84382aa38cffa,RECORD_LOCATED_SCOPE_LIMITED
jia2011mutation,"Foundations and Related Work / Mutation evidence and the unresolved oracle boundary, line 154",doi:10.1109/tse.2010.62,https://scixplorer.org/abs/2011ITSEn..37..649J/abstract,"The mutation-testing survey documents operator design, equivalent mutants, cost controls, and the limits of mutation score as a quality proxy .",114d916b5703bfa9c4ab0d7a448b56e380e3df7cc813783ba69baca6972ba72c,RECORD_LOCATED_SCOPE_LIMITED
jiang2017_27,"Foundations and Related Work / Oracle scarcity and relation validity, line 140",doi:10.1016/j.jss.2016.04.002,https://www.sciencedirect.com/science/article/pii/S0164121216300206,Metamorphic oracles have also been used to assess candidate program repairs when the original tests are incomplete .,ec075e65ac9735e346b62226060f288b497a0e8c5ff70e16ede8903040c7c965,RECORD_LOCATED_SCOPE_LIMITED
just2014_28,"Foundations and Related Work / Mutation evidence and the unresolved oracle boundary, line 154",doi:10.1145/2635868.2635929,https://2024.esec-fse.org/details/fse-2024-plenary-events/9/Are-mutants-a-valid-substitute-for-real-faults-in-software-testing-,Direct comparison with real faults finds useful correlation but not universal substitutability .,a6bf8648e2efd8344cf2bbf3c6d261a12141daa771aeec84fb1e35d33ec620fa,RECORD_LOCATED_SCOPE_LIMITED
bieman2013_29,"Foundations and Related Work / Oracle scarcity and relation validity, line 136",doi:10.1109/issre.2013.6698899,https://scholars.unf.edu/en/publications/using-machine-learning-techniques-to-detect-metamorphic-relations/,"Program features can predict candidate relations, although prediction alone does not prove their semantic validity .",80dc644c7e36decd21b26d1ac5c0366238c13df6e5579be29f08e34581701ddb,RECORD_LOCATED_SCOPE_LIMITED
kanewala2016_30,"Foundations and Related Work / Oracle scarcity and relation validity, line 136",doi:10.1002/stvr.1594,https://onlinelibrary.wiley.com/doi/abs/10.1002/stvr.1594,Graph-kernel models extend that idea to structural representations of scientific programs .,35e96de0491755b899473f020ec8fb899c009e633a18fda1c6fbb73ec765cd5d,RECORD_LOCATED_SCOPE_LIMITED
klees2018_31,"Foundations and Related Work / Staged toolchains and watermark obligations, line 148",doi:10.1145/3243734.3243804,https://cir.nii.ac.jp/crid/1362825894186478080,"Evaluations of fuzzers show how benchmark choice, protocol, and environment can distort reported effectiveness .",0658f71fe45facb17d17f4d692966c97fc76b5e7d7f7c932164ff42fb4a3e199,RECORD_LOCATED_SCOPE_LIMITED
le2014emi,"Foundations and Related Work / Staged toolchains and watermark obligations, line 146",doi:10.1145/2594291.2594334,https://www.microsoft.com/en-us/research/publication/compiler-validation-via-equivalence-modulo-inputs/,"Equivalence modulo inputs mutates code that is dead for the tested input, reducing false alarms while preserving the observed behavior .",dbd5794c511bf3833ed4c126771a0c128a79bed7fe228e2938b48390b6d835f2,RECORD_LOCATED_SCOPE_LIMITED
le2015_33,"Foundations and Related Work / Staged toolchains and watermark obligations, line 146",doi:10.1145/2814270.2814319,https://2015.splashcon.org/details/oopsla2015/33/Finding-Deep-Compiler-Bugs-via-Guided-Stochastic-Program-Mutation,Guided stochastic mutation directs program changes toward deeper compiler states .,c1420cc126bed0561b770102676aef0a1dedd1d84422821ef2a502b3dbb21692,RECORD_LOCATED_SCOPE_LIMITED
le2015_34,"Foundations and Related Work / Staged toolchains and watermark obligations, line 146",doi:10.1145/2771783.2771785,https://www.swag.uwaterloo.ca/www/publications/randomized-stress-testing-of-link-time-optimizers.html,Randomized link-time-optimization tests target whole-program interactions .,2106258bcca69daa62b91bdec71077463e02fca91cdbe2b5b459bf9301f323bd,RECORD_LOCATED_SCOPE_LIMITED
leroy2009_35,"Foundations and Related Work / Staged toolchains and watermark obligations, line 144",doi:10.1145/1538788.1538814,https://cir.nii.ac.jp/crid/1363951795880815104,CompCert instead proves a realistic compiler against a formal semantics .,19263ca7ece158c6ada100c0e7b2c937fed855a0d5bf5554b0cbc49490fa0dbc,RECORD_LOCATED_SCOPE_LIMITED
li2025generation,"Foundations and Related Work / Oracle scarcity and relation validity, line 134",doi:10.1145/3708521,https://dblp.uni-trier.de/rec/journals/tosem/LiLPTSZZC25.html,"A later review identifies specification, soundness, and evaluation as continuing obstacles to automated generation .",634605d501bc6c6d2b301551eee8dc67c0f7ce0193e3857e0b5c35875ec5e2a3,RECORD_LOCATED_SCOPE_LIMITED
lidbury2015_37,"Foundations and Related Work / Staged toolchains and watermark obligations, line 146",doi:10.1145/2737924.2737986,https://spiral.imperial.ac.uk/entities/publication/62003660-9e44-4863-8f0a-30945948aba0,Many-core compiler fuzzing uses target diversity to reach defects absent from conventional CPU tests .,39cfcfaa137258fd57ad4597d339ad0102e14795456ad42edf54bc272e629cea,RECORD_LOCATED_SCOPE_LIMITED
liu2014cost,"Foundations and Related Work / Oracle scarcity and relation validity, line 134",doi:10.1109/tse.2013.46,https://doi.org/10.1109/TSE.2013.46,Empirical work on oracle-cost reduction likewise shows that the benefit depends on which relations are available and selected .,b4ca66b69aa745c7b1e274b54d90788fbc41100177ca89200c9002b17d977e91,RECORD_LOCATED_SCOPE_LIMITED
livinskii2020_39,"Foundations and Related Work / Staged toolchains and watermark obligations, line 146",doi:10.1145/3428264,https://2020.splashcon.org/details/splash-2020-oopsla/72/Random-Testing-for-C-and-C-Compilers-with-YARPGen,YARPGen avoids undefined behavior while stressing arithmetic optimizations in C and C++ .,cb79a76cf34c1d9c0b9ceef262148a6a69a5ab16faaf5515453f618968cb8890,RECORD_LOCATED_SCOPE_LIMITED
livinskii2023_40,"Foundations and Related Work / Staged toolchains and watermark obligations, line 146",doi:10.1145/3591295,https://pldi23.sigplan.org/details/pldi-2023-pldi/76/Fuzzing-Loop-Optimizations-in-Compilers-for-C-and-Data-Parallel-Languages,Later loop-focused generation targets optimization interactions in both C++ and data-parallel languages .,324eaaca2fed4b542e4d67aa5055fa2852b08bcc15d700853d39d1a9d4327001,RECORD_LOCATED_SCOPE_LIMITED
lopes2021_41,"Foundations and Related Work / Staged toolchains and watermark obligations, line 144",doi:10.1145/3453483.3454030,https://dblp.org/rec/conf/pldi/LopesLHLR21,Alive2 checks bounded refinement conditions for LLVM transformations and has exposed optimization defects .,f93a963565a2e5c7c39c80cf64d98e8f130c7f3b92a8a969e84e33e486f5d0d4,RECORD_LOCATED_SCOPE_LIMITED
ma2015_42,"Foundations and Related Work / Staged toolchains and watermark obligations, line 150",doi:10.1145/2714576.2714582,https://ink.library.smu.edu.sg/sis_research/2633/,Return-oriented-programming watermarking couples recognition to executable gadget layout .,8b2de183b8a4689ce8c8d6c992a99d10a548068d90261343edca9ca645cd1aac,RECORD_LOCATED_SCOPE_LIMITED
mans2021_43,"Foundations and Related Work / Staged toolchains and watermark obligations, line 148",doi:10.1109/tse.2019.2946563,https://doi.org/10.1109/TSE.2019.2946563,"A broader survey separates generation, feedback, oracle, and triage concerns that end-to-end tools often conflate .",e25e617ea8b85288ee202b460cba0801a8a6e8800ee7d81c2bc51a0c9b8aa7e2,RECORD_LOCATED_SCOPE_LIMITED
collberg2006_44,"Foundations and Related Work / Staged toolchains and watermark obligations, line 150",doi:10.1007/s10660-006-6955-z,https://experts.arizona.edu/en/publications/software-watermarking-via-opaque-predicates-implementation-analys/,Opaque-predicate watermarking shows that hiding a mark introduces semantic and optimization obligations .,2ed89062d3f3e221e12a2ac64824e029c8eeb85c5f6e185f0aaad8eeb14c1a6f,RECORD_LOCATED_SCOPE_LIMITED
necula2000_45,"Foundations and Related Work / Staged toolchains and watermark obligations, line 144",doi:10.1145/349299.349314,https://dblp.org/rec/conf/pldi/Necula00.html,Practical architectures compare source and target correspondence after optimization .,3d96deb8c484f52745c047bf5cd1ad587f7f26b0d51f9c1aadf605f36bd5f0a6,RECORD_LOCATED_SCOPE_LIMITED
offutt1989_46,"Foundations and Related Work / Mutation evidence and the unresolved oracle boundary, line 154",doi:10.1145/75309.75324,https://doi.org/10.1145/75308.75324,An empirical investigation tests the coupling effect within a chosen simple- and complex-fault model .,272fc386c8d9ddb0de5e161fe0159c9dd7fd52a819653c6d885bfa814353f4d4,RECORD_LOCATED_SCOPE_LIMITED
ojdanic2023mutation,"Foundations and Related Work / Mutation evidence and the unresolved oracle boundary, line 154",doi:10.1145/3530786,https://repository.sutd.edu.sg/esploro/outputs/journalArticle/Mutation-Testing-in-Evolving-Systems-Studying/9911801609846,Studies of evolving systems further show that a mutant's relevance changes as code and developer activity evolve .,62231d0640d511c294b88ea6649c2782cb16776494a9e27603a47ee014939c95,RECORD_LOCATED_SCOPE_LIMITED
pnueli1998_48,"Foundations and Related Work / Staged toolchains and watermark obligations, line 144",doi:10.1007/bfb0054170,https://cir.nii.ac.jp/crid/1363388844299440128,Translation validation checks a particular source-to-target run .,009bbc6fba39ee546d69acadfa1a1a96f30919f5acc144041939fd300a46aca1,RECORD_LOCATED_SCOPE_LIMITED
pasqua2019_49,"Foundations and Related Work / Staged toolchains and watermark obligations, line 150",doi:10.1017/s0960129518000038,https://doi.org/10.1017/S0960129518000038,Semantics-based watermarking develops marks intended to survive semantics-preserving transformations .,89c6a070a2636347d1a45dbaa112c79a7b5a5e0a1bc669065e9b6048f80352a1,RECORD_LOCATED_SCOPE_LIMITED
regehr2012_50,"Foundations and Related Work / Staged toolchains and watermark obligations, line 146",doi:10.1145/2254064.2254104,https://doi.org/10.1145/2254064.2254104,"Once a compiler failure appears, dedicated reduction can isolate a small witness .",f718acc4b240ca59b9788a1334cb07acdaafd4e0c3525d7d247cd72232119b7e,RECORD_LOCATED_SCOPE_LIMITED
segura2015_51,"Foundations and Related Work / Oracle scarcity and relation validity, line 140",doi:10.1002/stvr.1566,https://onlinelibrary.wiley.com/doi/full/10.1002/stvr.1566,A later study extends that strategy across multiple variability-analysis tools .,65478e3f4b1ece2aeec13b15c4338e5362a1bc5b4494b523815450e95633a7c6,RECORD_LOCATED_SCOPE_LIMITED
segura2016survey,"Introduction / , line 83; Foundations and Related Work / Oracle scarcity and relation validity, line 134",doi:10.1109/tse.2016.2532875,https://www.isa.us.es/publications/type/article-journal/2016/survey-metamorphic-testing,"Its effectiveness, however, depends on whether a proposed relation is valid for the source case and the system's support envelope . || Its surveys make clear that a relation's validity and cost matter as much as the mechanics of producing a follow-up .",e146c9f5ce10c3951a3e266c24f6145156cf3bad0b6f8ff04f7cfb5c69be3a18,RECORD_LOCATED_SCOPE_LIMITED
segura2011_53,"Foundations and Related Work / Oracle scarcity and relation validity, line 140",doi:10.1016/j.infsof.2010.11.002,https://www.sciencedirect.com/science/article/pii/S0950584910001904,Feature-model analyses use relations to test derived results without enumerating a complete oracle .,7ef7e4500f7b071144c3ab06189b2db6976c7f2d4494fb8bafe42718c2e5d5e8,RECORD_LOCATED_SCOPE_LIMITED
speth2026traceable,"Foundations and Related Work / Oracle scarcity and relation validity, line 134",doi:10.1002/stvr.70020,https://onlinelibrary.wiley.com/doi/full/10.1002/stvr.70020,Traceability work in safety-critical testing links individual relations to explicit defect and failure hypotheses .,7c4c15a99ab28f45e7e1242a17f24e575d55396804a3197fe9642c57ee4b2a3b,RECORD_LOCATED_SCOPE_LIMITED
gotlieb2020_54,"Foundations and Related Work / Oracle scarcity and relation validity, line 138",doi:10.1016/j.jss.2020.110574,https://www.sciencedirect.com/science/article/pii/S0164121220300558,Contextual-bandit scheduling adapts relation choice to observed rewards .,8ccc2a0d5ffb5766bf7ad3d9b0951ae06fc5421649b305ea22ea5f820b14d2c0,RECORD_LOCATED_SCOPE_LIMITED
sun2016_55,"Foundations and Related Work / Staged toolchains and watermark obligations, line 146",doi:10.1145/2983990.2984038,https://2016.splashcon.org/details/splash-2016-oopsla/47/Finding-Compiler-Bugs-via-Live-Code-Mutation,Live-code mutation changes executed code under transformations intended to preserve selected executions .,aec089e7064346959630f36641263947f9153357aa630e92b4da37b6ad949cbf,RECORD_LOCATED_SCOPE_LIMITED
sun2024interleaving,"Foundations and Related Work / Oracle scarcity and relation validity, line 140",doi:10.1145/3607182,https://paperity.org/p/377155667/an-interleaving-guided-metamorphic-testing-approach-for-concurrent-programs,Interleaving-guided testing treats schedule variation as a controlled dimension for concurrent programs .,759f72fc31c4a87e52724dc7868a2a1654b8c8b001d4dbe6414b81fe1ace95cf,RECORD_LOCATED_SCOPE_LIMITED
sun2023feedback,"Foundations and Related Work / Oracle scarcity and relation validity, line 138",doi:10.1145/3533314,https://ouci.dntb.gov.ua/en/works/4kRvzGW7/,Feedback-directed testing adapts both source tests and relations from execution feedback .,5df41bad1b4ad578da74d7ae103ace573691fa29925252d8df63f2129f266a19,RECORD_LOCATED_SCOPE_LIMITED
sun2022_58,"Foundations and Related Work / Oracle scarcity and relation validity, line 138",doi:10.1016/j.jss.2021.111091,https://www.sciencedirect.com/science/article/pii/S0164121221001886,Path-directed generation prioritizes source cases using execution paths .,028044ae64c83e37f1d09fdedfe93bc1634f2851237aac105d081424444d7b30,RECORD_LOCATED_SCOPE_LIMITED
venkatesan2001graph,"Introduction / , line 81; Foundations and Related Work / Staged toolchains and watermark obligations, line 150",doi:10.1007/3-540-45496-9_12,https://experts.illinois.edu/en/publications/a-graph-theoretic-approach-to-software-watermarking/,"Structural schemes also depend on concrete graph or binary representations whose survival is determined by the intervening toolchain . || Graph-theoretic schemes encode marks in control- or data-flow structures, so robustness depends on how later transformations preserve those structures .",432c45de62d5c2d14cbee33cb04356ff9bafe1c98af332b29b79f52397dc36e2,RECORD_LOCATED_SCOPE_LIMITED
weyuker1982_60,"Foundations and Related Work / Oracle scarcity and relation validity, line 132",doi:10.1093/comjnl/25.4.465,https://academic.oup.com/comjnl/article-abstract/25/4/465/366384,The oracle problem begins with programs whose correct output is unavailable or impractical to compute .,4163dc9ceafca079fd11947a573fe0d2dc2cc5fbc23a9b059d891fc134e9af7c,RECORD_LOCATED_SCOPE_LIMITED
xie2011_61,"Foundations and Related Work / Oracle scarcity and relation validity, line 140",doi:10.1016/j.jss.2010.11.920,https://www.sciencedirect.com/science/article/pii/S0164121210003213,Classifier testing applies label- or feature-level transformations when exact predictions are hard to specify .,4f88f2af9cf2af85c0d444c1484e93c86283c33953f9e941a40929c046892723,RECORD_LOCATED_SCOPE_LIMITED
xie2024wordclosure,"Foundations and Related Work / Oracle scarcity and relation validity, line 140",doi:10.1145/3675396,https://researchportal.hkust.edu.hk/en/publications/word-closure-based-metamorphic-testing-for-machine-translation/,Word-closure relations provide machine-translation follow-ups without requiring one reference translation .,7315cea90170541e3977fc057dc0f459bd406ef95aab18531c2ec116da1b8d02,RECORD_LOCATED_SCOPE_LIMITED
xu2024mrscout,"Foundations and Related Work / Oracle scarcity and relation validity, line 136",doi:10.1145/3656340,https://doi.org/10.1145/3656340,"MR-Scout mines relations from existing tests, treating test code as evidence of intended behavioral connections .",de00c343a658020dd650f23a3a1477a08f841d0b7edf6b525424c5d39314b948,RECORD_LOCATED_SCOPE_LIMITED
yang2011csmith,"Foundations and Related Work / Staged toolchains and watermark obligations, line 146",doi:10.1145/1993498.1993532,https://users.cs.utah.edu/~regehr/,Csmith uses random differential testing across compilers and configurations .,4362279ecddcacfad3d48e07de081440f2da83bf43d123313aafaf1167c6abf1,RECORD_LOCATED_SCOPE_LIMITED
yao2014_65,"Foundations and Related Work / Mutation evidence and the unresolved oracle boundary, line 154",doi:10.1145/2568225.2568265,https://discovery.ucl.ac.uk/id/eprint/1508140/,Human analysis of equivalent and stubborn operators shows why some generated changes cannot or should not be killed under the intended semantics .,8b5949bcda1320a5a8a18f46ced1a6388e7b2a8e4bf9ca2f460e20618ace18ec,RECORD_LOCATED_SCOPE_LIMITED
ying2025patterns,"Foundations and Related Work / Oracle scarcity and relation validity, line 134",doi:10.1002/stvr.70003,https://onlinelibrary.wiley.com/doi/full/10.1002/stvr.70003,"Pattern catalogs make recurring relation forms reusable, but a reusable form still needs a domain-specific relation and verdict .",e7001f026c292bb7d73712e59deab7fcaba03e5707c907aee72f8b099dd1d2e7,RECORD_LOCATED_SCOPE_LIMITED
zeller2002delta,"Foundations and Related Work / Staged toolchains and watermark obligations, line 146",doi:10.1109/32.988498,https://doi.org/10.1109/32.988498,Delta debugging supplies the broader principle of minimizing a failure-inducing difference while preserving its predicate .,5498c3d853d775311d0532bff8c6f10345987165ffe9ff5972ae8c059912ccc9,RECORD_LOCATED_SCOPE_LIMITED
zhang2014_67,"Foundations and Related Work / Oracle scarcity and relation validity, line 136",doi:10.1145/2642937.2642994,https://doi.org/10.1145/2642937.2642994,"Search-based inference fits polynomial relations to observed executions, but empirical fit remains weaker than a contract argument .",82f2ee9f51d237562a664fa31bd9852eab3447d4bcca025b141c45d1df508746,RECORD_LOCATED_SCOPE_LIMITED
zhang2024metmapf,"Foundations and Related Work / Oracle scarcity and relation validity, line 140",doi:10.1145/3669663,https://doi.org/10.1145/3669663,MET-MAPF defines map and agent transformations for multi-agent path finding .,3741121d058ba08b11a0e56266cafc2c5fb3e7f8af80348f09850f0ee3e8185f,RECORD_LOCATED_SCOPE_LIMITED
zheng2025failure,"Foundations and Related Work / Oracle scarcity and relation validity, line 138",doi:10.1145/3695990,https://dblp.uni-trier.de/rec/journals/tosem/ZhengRLCL25.html,Statistical models can estimate which source cases are more likely to reveal failure for a fixed relation .,61c07b55e6531d1fdeaf8f233c978e9c923c42bfa527f57e3181f8852118371d,RECORD_LOCATED_SCOPE_LIMITED
zhou2016_70,"Foundations and Related Work / Oracle scarcity and relation validity, line 140",doi:10.1109/tse.2015.2478001,https://dblp.org/db/journals/tse/tse42.html,Search-engine testing compares ranked outcomes without complete relevance judgments .,e69d7db68e73ef41d426297349ef5f0e40efd38a0812eb0a2d9cb88f5882b93b,RECORD_LOCATED_SCOPE_LIMITED
bento2022software,"Foundations and Related Work / Staged toolchains and watermark obligations, line 150",doi:10.1109/MetroInd4.0IoT54413.2022.9831668,https://dblp.org/pid/126/5166,"A later scheme encodes and decodes binary sequences through function control-flow graphs ; the supplied artifact retains a fixed snapshot of its public source examples, used here only for conditional host-output comparison.",576dfb671f50b79dffe670f752031db1f15ae92e6bd9053078a2d1ffbd48804a,RECORD_LOCATED_SCOPE_LIMITED
