claim_id,claim_text,paper_location,evidence_type,primary_source,derived_or_checker,limitations,maturity_state
C-GATE,A failed admission fact or infrastructure exception cannot expose a fault unit.,"Admission rule, gate invariant, and evidence-gated executor",formal and executable,src/tosem02/admission.py,tests/test_admission.py,Conditional on correct gate observations; the carrier parser is shared.,FORMAL_AND_EXECUTABLE
C-SEPARABLE,A relation deletion removes detection power only under the stated observational-separability premise.,Direct contract-clause coverage: loss under a separable clause violation,proof,../paper/main.tex,,Direct labels alone do not prove absence of a logical implication.,PROOF
C-CLN,All 756 retained clean cases are satisfied.,Section 6,retained execution,results/admission-study/matrix.csv,results/admission-study/derived/summary.json,Recorded environment only; not a campaign of the repaired interfaces.,RETAINED_INTERNAL_EXECUTION
C-FAULT,"18900 configured rows = 756 clean + 972 stage-isolation + 17172 active; active outcomes are 11898 satisfied, 4266 inconsistent and 1008 inadmissible.",Section 6,retained-row accounting,results/admission-study/matrix.csv,results/admission_denominators.json,"Rows are correlated; the 18144 nonclean configurations include guarded cases and are not all fault-active.",RETAINED_ROW_ACCOUNTING
C-UNIT,1242/1296 retained planned fault units exposed; 69/72 on design subject.,Section 6,retained execution,results/admission-study/matrix.csv,results/admission-study/derived/unit_outcomes.csv,Skipped removal remains unexposed; compiled repair replay in results/repair-replay/evidence.zip reproduces these finite counts.,RETAINED_INTERNAL_EXECUTION
C-SUITE,"Fixed suites expose 21, 27, 33, and 69 of the same 72 design units.",Section 6,paired finite enumeration,results/admission-study/matrix.csv,results/admission-study/derived/suites.csv,No population p-value interpretation.,PAIRED_FINITE_ENUMERATION
C-TRANS,468 prior failures and 540 prior passes become inadmissible; 270 prior passes become typed-predicate inconsistencies.,Section 6,paired protocol audit,results/raw/robustness_matrix.csv,results/admission-study/derived/legacy_transitions.csv,The correction changes both gates and typed rejection predicates.,PAIRED_PROTOCOL_AUDIT
C-REPLAY,17136/17136 subject verdict pairs and 1224/1224 unit kill sets replay.,Section 6,context replay,results/admission-study/matrix.csv,results/admission-study/derived/summary.json,Known mechanisms only; not independent discoveries.,CONTEXT_REPLAY
C-HOLDOUT,5/12 classes and 8/24 operators have zero holdout sensitivity.,Section 6,adverse analysis,results/admission-study/matrix.csv,results/admission-study/derived/class_holdout.csv,Same constructed family; M12 is omission-equivalent to M01 and its stage-routing holdout is not unseen behavior.,ADVERSE_ANALYSIS
C-BOOT,10000 resamples; 1884 perfect; minimum 60.0%.,Section 6,conditional resampling,results/admission-study/matrix.csv,results/admission-study/derived/bootstrap_summary.json,"Class-stratified selection stability, not field uncertainty.",CONDITIONAL_RESAMPLING
C-RERUN,Two retained runs agree on 207900 comparisons over 11 stored non-timing fields.,Section 6,retained internal repeatability,results/admission-study/rerun.csv,results/admission-study/derived/rerun_comparison.json,No complete execution trajectories; separate compiled repair replay in results/repair-replay/evidence.zip also compares these 11 fields.,RETAINED_INTERNAL_EXECUTION
C-EXT,Retained source-pair comparisons show 10 output discrepancies despite 30 successful termination comparisons.,Section 6,inherited external-source evidence,results/external-transfer/execution_rows.csv,results/external-transfer/summary.json,Conditional source-pair equivalence; no automated recovery or confirmed historical defect.,INHERITED_EXTERNAL-SOURCE_EVIDENCE
C-UTIL,"378 retained utility rows = 288 host-plus-payload preservation + 72 rejection-only + 18 incompatible.",Section 6,retained utility accounting,results/raw/adverse_transformations.csv,results/external_transformations_observation_scopes.summary.json,Rejection-only host equality is unobserved; not a new utility rerun.,RETAINED_UTILITY_ACCOUNTING
C-MR13,"Current gated sequence B1 B2 X1 X2 X1; fixed key/compiler/optimization and payload predicates p1 p2 p1.",Method,implementation and bounded byte-record models,src/tosem02/admission.py,tests/test_repair_models.py,Compiled executions retained separately in results/repair-replay/evidence.zip; historical Boolean handler has a different protocol.,PORTABLE_MODEL_VERIFICATION
