kind,title,label,source_line,review_status,premise_boundary
definition,Toolchain contract,def:contract,243,CONDITIONAL_ARGUMENT_REVIEWED_NOT_MECHANIZED,"Read the explicit admission, evidence, observation, separability or finite-domain assumptions in the statement."
definition,Contract-aware metamorphic relation,def:relation,265,CONDITIONAL_ARGUMENT_REVIEWED_NOT_MECHANIZED,"Read the explicit admission, evidence, observation, separability or finite-domain assumptions in the statement."
definition,Scientific verdict,def:verdict,278,CONDITIONAL_ARGUMENT_REVIEWED_NOT_MECHANIZED,"Read the explicit admission, evidence, observation, separability or finite-domain assumptions in the statement."
proposition,No attribution without a completed gate,prop:admission-gate,357,CONDITIONAL_ARGUMENT_REVIEWED_NOT_MECHANIZED,"Read the explicit admission, evidence, observation, separability or finite-domain assumptions in the statement."
proposition,Relative soundness,prop:relative-soundness,368,CONDITIONAL_ARGUMENT_REVIEWED_NOT_MECHANIZED,"Read the explicit admission, evidence, observation, separability or finite-domain assumptions in the statement."
proposition,Artifact-independent round-trip counterexample,prop:roundtrip-counterexample,384,CONDITIONAL_ARGUMENT_REVIEWED_NOT_MECHANIZED,"Read the explicit admission, evidence, observation, separability or finite-domain assumptions in the statement."
proposition,Semantic non-implication,prop:semantic-nonimplication,394,CONDITIONAL_ARGUMENT_REVIEWED_NOT_MECHANIZED,"Read the explicit admission, evidence, observation, separability or finite-domain assumptions in the statement."
proposition,Build-request non-implication,prop:trace-nonimplication,402,CONDITIONAL_ARGUMENT_REVIEWED_NOT_MECHANIZED,"Read the explicit admission, evidence, observation, separability or finite-domain assumptions in the statement."
proposition,Destructive-rejection diagnostic,prop:destructive-rejection,412,CONDITIONAL_ARGUMENT_REVIEWED_NOT_MECHANIZED,"Read the explicit admission, evidence, observation, separability or finite-domain assumptions in the statement."
proposition,Payload-separation diagnostic,prop:payload-separation,424,CONDITIONAL_ARGUMENT_REVIEWED_NOT_MECHANIZED,"Read the explicit admission, evidence, observation, separability or finite-domain assumptions in the statement."
proposition,Reordered-extraction diagnostic,prop:reordered,434,CONDITIONAL_ARGUMENT_REVIEWED_NOT_MECHANIZED,"Read the explicit admission, evidence, observation, separability or finite-domain assumptions in the statement."
lemma,Conjunctive composition,lem:composition,446,CONDITIONAL_ARGUMENT_REVIEWED_NOT_MECHANIZED,"Read the explicit admission, evidence, observation, separability or finite-domain assumptions in the statement."
proposition,No total-correctness inference from a finite catalog,prop:finite-limit,458,CONDITIONAL_ARGUMENT_REVIEWED_NOT_MECHANIZED,"Read the explicit admission, evidence, observation, separability or finite-domain assumptions in the statement."
proposition,Projection indistinguishability,prop:projection,470,CONDITIONAL_ARGUMENT_REVIEWED_NOT_MECHANIZED,"Read the explicit admission, evidence, observation, separability or finite-domain assumptions in the statement."
definition,Clause-conservative catalog,def:clause-conservative,484,CONDITIONAL_ARGUMENT_REVIEWED_NOT_MECHANIZED,"Read the explicit admission, evidence, observation, separability or finite-domain assumptions in the statement."
proposition,Loss under a separable clause violation,prop:direct-loss,488,CONDITIONAL_ARGUMENT_REVIEWED_NOT_MECHANIZED,"Read the explicit admission, evidence, observation, separability or finite-domain assumptions in the statement."
proposition,Finite kill-set equivalence is not logical equivalence,prop:kill-equivalence,498,CONDITIONAL_ARGUMENT_REVIEWED_NOT_MECHANIZED,"Read the explicit admission, evidence, observation, separability or finite-domain assumptions in the statement."
definition,Decision-complete direct witness,def:decision-complete,510,CONDITIONAL_ARGUMENT_REVIEWED_NOT_MECHANIZED,"Read the explicit admission, evidence, observation, separability or finite-domain assumptions in the statement."
definition,Domain-complete catalog,def:domain-complete,514,CONDITIONAL_ARGUMENT_REVIEWED_NOT_MECHANIZED,"Read the explicit admission, evidence, observation, separability or finite-domain assumptions in the statement."
proposition,Finite observational refinement,prop:finite-refinement,520,CONDITIONAL_ARGUMENT_REVIEWED_NOT_MECHANIZED,"Read the explicit admission, evidence, observation, separability or finite-domain assumptions in the statement."
proposition,Gate-only restriction,prop:gate-restriction,541,CONDITIONAL_ARGUMENT_REVIEWED_NOT_MECHANIZED,"Read the explicit admission, evidence, observation, separability or finite-domain assumptions in the statement."
proposition,Context-replay non-implication,prop:context-transfer,559,CONDITIONAL_ARGUMENT_REVIEWED_NOT_MECHANIZED,"Read the explicit admission, evidence, observation, separability or finite-domain assumptions in the statement."
