name,URL,version_or_commit,sha256,license,access_date,resource_type,acquisition_method,integration_mode,claim_supported,internals_modified
python3,https://www.python.org/,Python 3.13.5,4703a3d15898c0b5d81c3f939e93bdd8ca6116342093fb160ab1e01860dd7d8b,Python Software Foundation License,2026-07-22,system executable,preinstalled public CPU environment,thin process adapter; internals unchanged,artifact execution and deterministic analysis,no
gcc,https://gcc.gnu.org/,GCC 14.2.0,a23ecab8ff08f09ad8c80602c2c5df7f49e09c25905cb8975902e101bf72635f,GPL-3.0-or-later with GCC Runtime Library Exception,2026-07-22,system executable,preinstalled public CPU environment,thin compiler adapter; internals unchanged,cross-compiler and host execution evidence,no
clang,https://clang.llvm.org/,Clang 17.0.0,aa7389d9766be7e61df76cf094ac4f1861fd067e12908d1e9fd5cd7eb2a078f4,Apache-2.0 WITH LLVM-exception,2026-07-22,system executable,preinstalled public CPU environment,thin compiler adapter; internals unchanged,cross-compiler and host execution evidence,no
GNU objcopy,https://www.gnu.org/software/binutils/,GNU binutils 2.44,403f90bbd5d26c8ab9a2ad51f56255b812e8858a83aa8740ee71791071ddb580,GPL-3.0-or-later,2026-07-22,system executable,preinstalled public CPU environment,thin binary-utility adapter; internals unchanged,"carrier creation, controlled transforms, adverse cases",no
GNU nm,https://www.gnu.org/software/binutils/,GNU binutils 2.44,ddb55c0685721bf494aa2d090056b8b32a40614ad4464b305896f527d882c3c1,GPL-3.0-or-later,2026-07-22,system executable,preinstalled public CPU environment,thin binary-inspection adapter; internals unchanged,symbol-carrier extraction and observation,no
GNU strip,https://www.gnu.org/software/binutils/,GNU binutils 2.44,a97ae77cd5d88799edc0edb31caa2fc81d32eecaa9619d329bed890f6fd06e3a,GPL-3.0-or-later,2026-07-22,system executable,preinstalled public CPU environment,thin binary-utility adapter; internals unchanged,symbol-carrier destructive transformation,no
LLVM objcopy,https://llvm.org/,LLVM 17.0.0,a4577d2c3a86f4082010c2d49989dec25738c95d06d9beace1de382bfce45b2c,Apache-2.0 WITH LLVM-exception,2026-07-22,system executable,preinstalled public CPU environment,thin binary-utility adapter; internals unchanged,independent adverse binary transformations,no
zlib,https://zlib.net/,zlib 1.3.1,85590dd58edf5445e18bc7193e5ebc01ac5841f1ae187e97705a662e90c6421e,Zlib,2026-07-22,system library,preinstalled public CPU environment,unmodified library client,compression-backed subject,no
OpenSSL libcrypto,https://www.openssl.org/,OpenSSL 3.5.5,817bad46d13343da6b96045a0629d2d675f21f5d5aacf5546ab9d424fb601e2c,Apache-2.0,2026-07-22,system library,preinstalled public CPU environment,unmodified library client,digest-backed subject,no
SQLite,https://sqlite.org/,SQLite 3.46.1,14c4418a06c5c2e30f5fb57bc8add93762236ae17898c6708984cf15e680ca71,Public Domain,2026-07-22,system library,preinstalled public CPU environment,unmodified in-memory client,database-backed subject,no
libxml2,https://gitlab.gnome.org/GNOME/libxml2,libxml2 2.9.14,607cfc87376433e81a612f2463d778793207e852db6e36cbc95498968d9531c8,MIT,2026-07-22,system library,preinstalled public CPU environment,unmodified parser client,XML-backed subject,no
json-c,https://github.com/json-c/json-c,json-c 0.18,e89c0b57f2cb3b2b6aea9231fe8cec777ba4a553a790fc2cb68673c34fde5149,MIT,2026-07-22,system library,preinstalled public CPU environment,unmodified parser client,JSON-backed subject,no
libpng,https://libpng.sourceforge.io/,libpng 1.6.48,d20e776f6b4fe9d0791215d5f824f10064e7c56570a4340dc13ed844c02e4b20,Libpng,2026-07-22,system library,preinstalled public CPU environment,unmodified encoder client,image-backed subject,no
pdfTeX,https://tug.org/texlive/,pdfTeX 1.40.26; TeX Live 2025/dev,d0668e4e5c4f2eb213bb189e735e54d84542275bca29433ceaa687c1bf4e9ab2,TeX Live component licenses,2026-07-22,typesetting executable,preinstalled public CPU environment,supplied ACM class and authored sources,main and supplement PDF build,no
BibTeX,https://tug.org/texlive/,BibTeX 0.99d; TeX Live 2025/dev,49a89e493c2604e33fea9a44d580927def644f763a87db3f2f96b3afbce71d18,TeX Live component licenses,2026-07-22,bibliography executable,preinstalled public CPU environment,supplied ACM bibliography style,resolved 73-record bibliography,no
felipeasimos/software-watermark public prototype,https://github.com/felipeasimos/software-watermark,f63f49a770e3b0dc4f1d092cfa22ec2610eb13f8,4961c0a7576e53d1b458c0fd3aa66b2de669671863785800d019b495df63bc07,NO_EXPLICIT_REPOSITORY_LICENSE_AT_FIXED_COMMIT,2026-07-25,independently maintained public research prototype,read-only GitHub connector at fixed commit; six blobs verified by Git SHA-1 and SHA-256,"source not redistributed; packaged acquisition manifest, symmetric compatibility header, runner, raw outcomes, and audit",external host-semantic transfer and execution-only baseline comparison across three labeled source pairs,no; compatibility header is forced identically for both variants in a separately reported mode
