result_id,paper_location,value,raw_output,derived_output,input_sha256,scope,limitations
C-GATE,"Admission rule, gate invariant, and evidence-gated executor",A failed admission fact or infrastructure exception cannot expose a fault unit.,src/tosem02/admission.py,tests/test_admission.py,f311c80c0813bc59489ebd7c0c6b3269eacff4a38b92569f4ca4f50b78586133,formal and executable,Conditional on correct gate observations; the carrier parser is shared.
C-SEPARABLE,Direct contract-clause coverage: loss under a separable clause violation,A relation deletion removes detection power only under the stated observational-separability premise.,../paper/main.tex,,9508925d327c45b7a8e086d8e3bbbcef69d48d6d127a3e51c10d4c048bc178b7,proof,Direct labels alone do not prove absence of a logical implication.
C-CLN,Section 6,All 756 clean cases are satisfied.,results/admission-study/matrix.csv,results/admission-study/derived/summary.json,f9b77a0e93ea0ba33878d6ac088d4ed33e3919a16102ef91c721994731e19264,new execution,Only the recorded context and declared operations are covered.
C-FAULT,Section 6,4266 fault rows are inconsistent and 1008 are inadmissible.,results/admission-study/matrix.csv,results/admission-study/derived/summary.json,f9b77a0e93ea0ba33878d6ac088d4ed33e3919a16102ef91c721994731e19264,new execution,"Rows are correlated repeated relation executions, not independent field defects."
C-UNIT,Section 6,1242/1296 planned fault units exposed; 69/72 on design subject.,results/admission-study/matrix.csv,results/admission-study/derived/unit_outcomes.csv,f9b77a0e93ea0ba33878d6ac088d4ed33e3919a16102ef91c721994731e19264,new execution,The skipped-removal operator is not exposed as an extractor violation.
C-SUITE,Section 6,"Fixed suites expose 21, 27, 33, and 69 of the same 72 design units.",results/admission-study/matrix.csv,results/admission-study/derived/suites.csv,f9b77a0e93ea0ba33878d6ac088d4ed33e3919a16102ef91c721994731e19264,paired finite enumeration,No population p-value interpretation.
C-TRANS,Section 6,468 prior failures and 540 prior passes become inadmissible; 270 prior passes become typed-predicate inconsistencies.,results/raw/robustness_matrix.csv,results/admission-study/derived/legacy_transitions.csv,35912a6876f0e63c09ba1e404c528fc239a6d17747480933bcf37cf4c8f14054,paired protocol audit,The correction changes both gates and typed rejection predicates.
C-REPLAY,Section 6,17136/17136 subject verdict pairs and 1224/1224 unit kill sets replay.,results/admission-study/matrix.csv,results/admission-study/derived/summary.json,f9b77a0e93ea0ba33878d6ac088d4ed33e3919a16102ef91c721994731e19264,context replay,Known mechanisms only; not independent discoveries.
C-HOLDOUT,Section 6,5/12 classes and 8/24 operators have zero holdout sensitivity.,results/admission-study/matrix.csv,results/admission-study/derived/class_holdout.csv,f9b77a0e93ea0ba33878d6ac088d4ed33e3919a16102ef91c721994731e19264,adverse analysis,Same constructed mechanism family.
C-BOOT,Section 6,10000 resamples; 1884 perfect; minimum 60.0%.,results/admission-study/matrix.csv,results/admission-study/derived/bootstrap_summary.json,f9b77a0e93ea0ba33878d6ac088d4ed33e3919a16102ef91c721994731e19264,conditional resampling,"Class-stratified selection stability, not field uncertainty."
C-RERUN,Section 6,Two new complete runs compare every non-timing field by scientific key.,results/admission-study/rerun.csv,results/admission-study/derived/rerun_comparison.json,fffdc3c3a87fb9924465a9e5833e0024961836310e0664b53ed3d5dda431aab7,new internal repeatability,Same environment; not external-team replication.
C-EXT,Section 6,Retained source-pair comparisons show 10 output discrepancies despite 30 successful termination comparisons.,results/external-transfer/execution_rows.csv,results/external-transfer/summary.json,7c629c8493851ab694eea99cc2125c054ff743492eef58dde8eb21167b44459e,inherited external-source evidence,Conditional source-pair equivalence; no automated recovery or confirmed historical defect.
C-UTIL,Section 6,Retained GNU/LLVM study satisfies 360/378 operation obligations.,results/raw/adverse_transformations.csv,results/raw/adverse_transformations.summary.json,09f893fe3062b23961fddcc2fa27ab8c99d7feaf9acb5a1948675dda65e538ae,inherited utility study,Not a new utility rerun in the current correction.
