title,venue,year,doi,sample_role,complete_bibliography_reference_count,evidence_kind,source_locator,reference_floor_role,measurement_status
Boosting Compiler Testing via Compiler Optimization Exploration,ACM Transactions on Software Engineering and Methodology,2022,10.1145/3508362,closest_recent_TOSEM_reference_calibration,17,complete indexed bibliography,OUCI record lists 17 works in the reference list,included_in_median_and_P75,COMPLETE_BIBLIOGRAPHY_COUNT_VERIFIED
Causality-driven Testing of Autonomous Driving Systems,ACM Transactions on Software Engineering and Methodology,2024,10.1145/3635709,closest_recent_TOSEM_reference_calibration,27,complete indexed bibliography,OUCI record enumerates references 1 through 27,included_in_median_and_P75,COMPLETE_BIBLIOGRAPHY_COUNT_VERIFIED
Feedback-Directed Metamorphic Testing,ACM Transactions on Software Engineering and Methodology,2023,10.1145/3533314,closest_recent_TOSEM_reference_calibration,35,complete indexed bibliography,OUCI record lists 35 works in the reference list,included_in_median_and_P75,COMPLETE_BIBLIOGRAPHY_COUNT_VERIFIED
Mutation Testing in Evolving Systems: Studying the Relevance of Mutants to Code Evolution,ACM Transactions on Software Engineering and Methodology,2023,10.1145/3530786,closest_recent_TOSEM_reference_calibration,51,full manuscript bibliography,reference section begins on PDF page 37 and ends at reference 51,included_in_median_and_P75,COMPLETE_BIBLIOGRAPHY_COUNT_VERIFIED
FormatFuzzer: Effective Fuzzing of Binary File Formats,ACM Transactions on Software Engineering and Methodology,2024,10.1145/3628157,closest_recent_TOSEM_reference_calibration,58,full manuscript bibliography,reference section begins on PDF page 28 and ends at reference 58,included_in_median_and_P75,COMPLETE_BIBLIOGRAPHY_COUNT_VERIFIED
MarMot: Metamorphic Runtime Monitoring of Autonomous Driving Systems,ACM Transactions on Software Engineering and Methodology,2025,10.1145/3678171,closest_recent_TOSEM_reference_calibration,59,full manuscript bibliography,reference section begins on PDF page 32 and ends at reference 59,included_in_median_and_P75,COMPLETE_BIBLIOGRAPHY_COUNT_VERIFIED
An Interleaving Guided Metamorphic Testing Approach for Concurrent Programs,ACM Transactions on Software Engineering and Methodology,2024,10.1145/3607182,closest_recent_TOSEM_reference_calibration,59,complete indexed bibliography,public full-record page labels References (59),included_in_median_and_P75,COMPLETE_BIBLIOGRAPHY_COUNT_VERIFIED
MR-Scout: Automated Synthesis of Metamorphic Relations from Existing Test Cases,ACM Transactions on Software Engineering and Methodology,2024,10.1145/3656340,closest_recent_TOSEM_reference_calibration,61,full manuscript bibliography,reference section begins on PDF page 25 and ends at reference 61,included_in_median_and_P75,COMPLETE_BIBLIOGRAPHY_COUNT_VERIFIED
MET-MAPF: A Metamorphic Testing Approach for Multi-Agent Path Finding Algorithms,ACM Transactions on Software Engineering and Methodology,2024,10.1145/3669663,closest_recent_TOSEM_reference_calibration,61,complete publisher-rendered bibliography,ACM full record bibliography reaches reference 61,included_in_median_and_P75,COMPLETE_BIBLIOGRAPHY_COUNT_VERIFIED
Word Closure-Based Metamorphic Testing for Machine Translation,ACM Transactions on Software Engineering and Methodology,2024,10.1145/3675396,closest_recent_TOSEM_reference_calibration,69,full manuscript bibliography,reference section begins on PDF page 43 and ends at reference 69,included_in_median_and_P75,COMPLETE_BIBLIOGRAPHY_COUNT_VERIFIED
Metamorphic Relation Generation: State of the Art and Research Directions,ACM Transactions on Software Engineering and Methodology,2025,10.1145/3708521,closest_recent_TOSEM_reference_calibration,83,full manuscript bibliography,reference section begins on PDF page 18 and ends at reference 83,included_in_median_and_P75,COMPLETE_BIBLIOGRAPHY_COUNT_VERIFIED
Testing Causality in Scientific Modelling Software,ACM Transactions on Software Engineering and Methodology,2024,10.1145/3607184,closest_recent_TOSEM_reference_calibration,113,full manuscript bibliography,reference section begins on PDF page 36 and ends at reference 113,included_in_median_and_P75,COMPLETE_BIBLIOGRAPHY_COUNT_VERIFIED
