host,host_sha256,carrier,operation,utility,expected,observed,pass,return_code,error_kind,payload_hex,host_outputs_equal,binary_sha256,duration_seconds,exception_class,stderr
H01-gcd.c,bf207a4afdd7e623be4bd0751bdc1917c0ee550af0f38c0531b25bb726d1710c,string,relocate,copy,preserve,preserve,True,0,,4d6f7270682d3031,True,b8e5790f338ae8db35cfffc794a440a51f513484ba40b60dbac7eb19948f430c,0.004039,,
H01-gcd.c,bf207a4afdd7e623be4bd0751bdc1917c0ee550af0f38c0531b25bb726d1710c,string,gnu_debug_strip,strip --strip-debug,preserve,preserve,True,0,,4d6f7270682d3031,True,8f92dee7f6fed7181723ec2fad11828962afaeeb9c0d821eb348607166f0dcae,0.00622,,
H01-gcd.c,bf207a4afdd7e623be4bd0751bdc1917c0ee550af0f38c0531b25bb726d1710c,string,llvm_debug_strip,llvm-objcopy --strip-debug,preserve,preserve,True,0,,4d6f7270682d3031,True,eb1fb9c6a95b68d0c5f43fed9247f8f1976f97f19cc62d65dd446384ad1f6acb,0.028231,,
H01-gcd.c,bf207a4afdd7e623be4bd0751bdc1917c0ee550af0f38c0531b25bb726d1710c,string,gnu_full_strip,strip --strip-all,preserve,preserve,True,0,,4d6f7270682d3031,True,ceee75c2ef5dcef28cb9fe8544e37e5d8e1084a79cc2c17f19caa29013d683b9,0.005956,,
H01-gcd.c,bf207a4afdd7e623be4bd0751bdc1917c0ee550af0f38c0531b25bb726d1710c,string,llvm_full_strip,llvm-objcopy --strip-all,preserve,preserve,True,0,,4d6f7270682d3031,True,5d5c671d2fc6d039d16ab5693114445b5a0ac2634ebd3987912652f806c0ce7b,0.006056,,
H01-gcd.c,bf207a4afdd7e623be4bd0751bdc1917c0ee550af0f38c0531b25bb726d1710c,string,gnu_section_remove,objcopy --remove-section .wmrec,preserve,preserve,True,0,,4d6f7270682d3031,True,b8e5790f338ae8db35cfffc794a440a51f513484ba40b60dbac7eb19948f430c,0.005588,,
H01-gcd.c,bf207a4afdd7e623be4bd0751bdc1917c0ee550af0f38c0531b25bb726d1710c,string,llvm_section_remove,llvm-objcopy --remove-section .wmrec,preserve,preserve,True,0,,4d6f7270682d3031,True,745271a765e28097d4b5773de8157edaa71296e499e9eeea11c076e5f2ecc1b2,0.007158,,
H01-gcd.c,bf207a4afdd7e623be4bd0751bdc1917c0ee550af0f38c0531b25bb726d1710c,symbol,relocate,copy,preserve,preserve,True,0,,4d6f7270682d3031,True,7b713450f899744a0e9c1995e1ea83c762e52b3b03c45f82418d86193b6be1a1,0.005348,,
H01-gcd.c,bf207a4afdd7e623be4bd0751bdc1917c0ee550af0f38c0531b25bb726d1710c,symbol,gnu_debug_strip,strip --strip-debug,preserve,preserve,True,0,,4d6f7270682d3031,True,08eb879c2a45e534c21560ea8641976935ff1c4d48f21e37b5eb7fe49c372e19,0.007353,,
H01-gcd.c,bf207a4afdd7e623be4bd0751bdc1917c0ee550af0f38c0531b25bb726d1710c,symbol,llvm_debug_strip,llvm-objcopy --strip-debug,preserve,preserve,True,0,,4d6f7270682d3031,True,689f224f2e5ce7804e17372f0636901357be37e951a88424241415f65556cd60,0.007604,,
H01-gcd.c,bf207a4afdd7e623be4bd0751bdc1917c0ee550af0f38c0531b25bb726d1710c,symbol,gnu_full_strip,strip --strip-all,reject,reject,True,0,absent,,False,164619323dde02a4d007619768cc933d7a38545d7a9af5e734add2e77dde55ca,0.002706,,
H01-gcd.c,bf207a4afdd7e623be4bd0751bdc1917c0ee550af0f38c0531b25bb726d1710c,symbol,llvm_full_strip,llvm-objcopy --strip-all,reject,reject,True,0,absent,,False,0e2779c16746c9e64899d21e7fbe32cf4ed90319340dc55f62b50ecd65bf7404,0.004762,,
H01-gcd.c,bf207a4afdd7e623be4bd0751bdc1917c0ee550af0f38c0531b25bb726d1710c,symbol,gnu_section_remove,objcopy --remove-section .wmrec,preserve,preserve,True,0,,4d6f7270682d3031,True,7b713450f899744a0e9c1995e1ea83c762e52b3b03c45f82418d86193b6be1a1,0.007686,,
H01-gcd.c,bf207a4afdd7e623be4bd0751bdc1917c0ee550af0f38c0531b25bb726d1710c,symbol,llvm_section_remove,llvm-objcopy --remove-section .wmrec,preserve,preserve,True,0,,4d6f7270682d3031,True,744b03d261864e2f26a79f61ff57ae9c493bdfc44a30a406cc581a8153adca9a,0.007872,,
H01-gcd.c,bf207a4afdd7e623be4bd0751bdc1917c0ee550af0f38c0531b25bb726d1710c,section,relocate,copy,preserve,preserve,True,0,,4d6f7270682d3031,True,63cbeff2b0785d492761ce367639a8bbc8e94ddb2cfe720778f8bd6177d67b85,0.005633,,
H01-gcd.c,bf207a4afdd7e623be4bd0751bdc1917c0ee550af0f38c0531b25bb726d1710c,section,gnu_debug_strip,strip --strip-debug,preserve,preserve,True,0,,4d6f7270682d3031,True,573a84fc5a7706adc2a1372b7984164b4c75400d741ced9322d6140b4d74dc06,0.00786,,
H01-gcd.c,bf207a4afdd7e623be4bd0751bdc1917c0ee550af0f38c0531b25bb726d1710c,section,llvm_debug_strip,llvm-objcopy --strip-debug,preserve,preserve,True,0,,4d6f7270682d3031,True,573a84fc5a7706adc2a1372b7984164b4c75400d741ced9322d6140b4d74dc06,0.008385,,
H01-gcd.c,bf207a4afdd7e623be4bd0751bdc1917c0ee550af0f38c0531b25bb726d1710c,section,gnu_full_strip,strip --strip-all,preserve,preserve,True,0,,4d6f7270682d3031,True,f6fa090b591cc0bd130194875f5348e418f7853b97b835373f2880fc4cc49f4f,0.006532,,
H01-gcd.c,bf207a4afdd7e623be4bd0751bdc1917c0ee550af0f38c0531b25bb726d1710c,section,llvm_full_strip,llvm-objcopy --strip-all,preserve,reject,False,0,absent,,False,999953a76de310dd8b593e604c5746f39de505b5a7dbd92222dc79b6baae6d03,0.004348,,
H01-gcd.c,bf207a4afdd7e623be4bd0751bdc1917c0ee550af0f38c0531b25bb726d1710c,section,gnu_section_remove,objcopy --remove-section .wmrec,reject,reject,True,0,absent,,False,17288de5d8ffc83b2223ee650ec19f96fa9b779f3eb45b8e2433c730b7a1e3e2,0.003957,,
H01-gcd.c,bf207a4afdd7e623be4bd0751bdc1917c0ee550af0f38c0531b25bb726d1710c,section,llvm_section_remove,llvm-objcopy --remove-section .wmrec,reject,reject,True,0,absent,,False,17288de5d8ffc83b2223ee650ec19f96fa9b779f3eb45b8e2433c730b7a1e3e2,0.004181,,
H02-fibonacci.c,212d1fe91cf52f33ed783791c34fc023fdf99dccb0ca341d3844d624ff3a4b70,string,relocate,copy,preserve,preserve,True,0,,4d6f7270682d3031,True,26d5e196e3de8931e5a672d9c463e2d259385419dce97408a337baf6858733bb,0.004018,,
H02-fibonacci.c,212d1fe91cf52f33ed783791c34fc023fdf99dccb0ca341d3844d624ff3a4b70,string,gnu_debug_strip,strip --strip-debug,preserve,preserve,True,0,,4d6f7270682d3031,True,d3ce82186801f48598bf5728f645e0817c987def20f834f8a5f8c0ef03a8e9a2,0.006007,,
H02-fibonacci.c,212d1fe91cf52f33ed783791c34fc023fdf99dccb0ca341d3844d624ff3a4b70,string,llvm_debug_strip,llvm-objcopy --strip-debug,preserve,preserve,True,0,,4d6f7270682d3031,True,3bce9c65a9a3f6fc1409c2313290aa91ea86a1af886f7dca6eb9de418c687c0c,0.006918,,
H02-fibonacci.c,212d1fe91cf52f33ed783791c34fc023fdf99dccb0ca341d3844d624ff3a4b70,string,gnu_full_strip,strip --strip-all,preserve,preserve,True,0,,4d6f7270682d3031,True,8960eeac0fbe8a23bada72e09a87f91bc977d6418f6e55a29619c37032aef8cf,0.005479,,
H02-fibonacci.c,212d1fe91cf52f33ed783791c34fc023fdf99dccb0ca341d3844d624ff3a4b70,string,llvm_full_strip,llvm-objcopy --strip-all,preserve,preserve,True,0,,4d6f7270682d3031,True,b6d5b0ca55d20b5001f806b9f8aca8a985c37d2043c17ee08a2ccc90840283d5,0.00665,,
H02-fibonacci.c,212d1fe91cf52f33ed783791c34fc023fdf99dccb0ca341d3844d624ff3a4b70,string,gnu_section_remove,objcopy --remove-section .wmrec,preserve,preserve,True,0,,4d6f7270682d3031,True,26d5e196e3de8931e5a672d9c463e2d259385419dce97408a337baf6858733bb,0.005085,,
H02-fibonacci.c,212d1fe91cf52f33ed783791c34fc023fdf99dccb0ca341d3844d624ff3a4b70,string,llvm_section_remove,llvm-objcopy --remove-section .wmrec,preserve,preserve,True,0,,4d6f7270682d3031,True,473dd75b1c45e714d7ab17c8340b99dd97d8599574a4309b49baf0a0b0b59ee7,0.006137,,
H02-fibonacci.c,212d1fe91cf52f33ed783791c34fc023fdf99dccb0ca341d3844d624ff3a4b70,symbol,relocate,copy,preserve,preserve,True,0,,4d6f7270682d3031,True,451e3a2a54de75404dc4c45648124e7260c16e34a9e064a254bee5e8d73b5353,0.005582,,
H02-fibonacci.c,212d1fe91cf52f33ed783791c34fc023fdf99dccb0ca341d3844d624ff3a4b70,symbol,gnu_debug_strip,strip --strip-debug,preserve,preserve,True,0,,4d6f7270682d3031,True,2e65539c68b5904165fe1207befd051316fae3e1440d6b47120052f5027aaa62,0.008514,,
H02-fibonacci.c,212d1fe91cf52f33ed783791c34fc023fdf99dccb0ca341d3844d624ff3a4b70,symbol,llvm_debug_strip,llvm-objcopy --strip-debug,preserve,preserve,True,0,,4d6f7270682d3031,True,73909ef227fa009e921c43e83042ecba3b0863c2db8eeaa323dd19a29b12f9ca,0.008371,,
H02-fibonacci.c,212d1fe91cf52f33ed783791c34fc023fdf99dccb0ca341d3844d624ff3a4b70,symbol,gnu_full_strip,strip --strip-all,reject,reject,True,0,absent,,False,5c84ef1c7f977817bbb332e99878c80ce9eda89a70d54beb6bfb7c9f97c696e0,0.003539,,
H02-fibonacci.c,212d1fe91cf52f33ed783791c34fc023fdf99dccb0ca341d3844d624ff3a4b70,symbol,llvm_full_strip,llvm-objcopy --strip-all,reject,reject,True,0,absent,,False,d5e1e327bb22d3617be3cb057b4499af6885a392ee4e65936999b914099e0362,0.004079,,
H02-fibonacci.c,212d1fe91cf52f33ed783791c34fc023fdf99dccb0ca341d3844d624ff3a4b70,symbol,gnu_section_remove,objcopy --remove-section .wmrec,preserve,preserve,True,0,,4d6f7270682d3031,True,451e3a2a54de75404dc4c45648124e7260c16e34a9e064a254bee5e8d73b5353,0.006864,,
H02-fibonacci.c,212d1fe91cf52f33ed783791c34fc023fdf99dccb0ca341d3844d624ff3a4b70,symbol,llvm_section_remove,llvm-objcopy --remove-section .wmrec,preserve,preserve,True,0,,4d6f7270682d3031,True,ec7365737bbebd36862d22a0eb27d9cbc58cc1de65e644155c0b0dfc332f416a,0.008349,,
H02-fibonacci.c,212d1fe91cf52f33ed783791c34fc023fdf99dccb0ca341d3844d624ff3a4b70,section,relocate,copy,preserve,preserve,True,0,,4d6f7270682d3031,True,7c2c438959ee684ea59f24608356fc01c11fe50132ce8a35f763e4464c5d4bdb,0.006075,,
H02-fibonacci.c,212d1fe91cf52f33ed783791c34fc023fdf99dccb0ca341d3844d624ff3a4b70,section,gnu_debug_strip,strip --strip-debug,preserve,preserve,True,0,,4d6f7270682d3031,True,836d6447e5d208557b8fc1b90a5e40103e8b3974fdda1b57e2552befa5696331,0.007091,,
H02-fibonacci.c,212d1fe91cf52f33ed783791c34fc023fdf99dccb0ca341d3844d624ff3a4b70,section,llvm_debug_strip,llvm-objcopy --strip-debug,preserve,preserve,True,0,,4d6f7270682d3031,True,836d6447e5d208557b8fc1b90a5e40103e8b3974fdda1b57e2552befa5696331,0.00812,,
H02-fibonacci.c,212d1fe91cf52f33ed783791c34fc023fdf99dccb0ca341d3844d624ff3a4b70,section,gnu_full_strip,strip --strip-all,preserve,preserve,True,0,,4d6f7270682d3031,True,9174bfb3d452b796f65722b48426ce37edefeb011e41aa685a74dc6b828c36b8,0.007858,,
H02-fibonacci.c,212d1fe91cf52f33ed783791c34fc023fdf99dccb0ca341d3844d624ff3a4b70,section,llvm_full_strip,llvm-objcopy --strip-all,preserve,reject,False,0,absent,,False,025b613325a087617dbcbbbcebd2f20135c73af68c770e4271114371898b9a1c,0.003872,,
H02-fibonacci.c,212d1fe91cf52f33ed783791c34fc023fdf99dccb0ca341d3844d624ff3a4b70,section,gnu_section_remove,objcopy --remove-section .wmrec,reject,reject,True,0,absent,,False,78d6678c56ce522bb5f6b8ef21264c7c9f452938f282c7845723f15c8c2e453a,0.00349,,
H02-fibonacci.c,212d1fe91cf52f33ed783791c34fc023fdf99dccb0ca341d3844d624ff3a4b70,section,llvm_section_remove,llvm-objcopy --remove-section .wmrec,reject,reject,True,0,absent,,False,78d6678c56ce522bb5f6b8ef21264c7c9f452938f282c7845723f15c8c2e453a,0.004977,,
H03-bitmix.c,5c27c9eebd7692fad7689408e2fe6584e1fafdbe035b8bf2aaeecea6312deca3,string,relocate,copy,preserve,preserve,True,0,,4d6f7270682d3031,True,da7c237d0df2d2b6d1ca2cb5dd03466dbaaba41078f9d3c867f605fd4669c299,0.003914,,
H03-bitmix.c,5c27c9eebd7692fad7689408e2fe6584e1fafdbe035b8bf2aaeecea6312deca3,string,gnu_debug_strip,strip --strip-debug,preserve,preserve,True,0,,4d6f7270682d3031,True,18760099f2cd61c44605b1889e6cea0988f4dcb8dabf7e95d778cfabed345b9e,0.006393,,
H03-bitmix.c,5c27c9eebd7692fad7689408e2fe6584e1fafdbe035b8bf2aaeecea6312deca3,string,llvm_debug_strip,llvm-objcopy --strip-debug,preserve,preserve,True,0,,4d6f7270682d3031,True,896f5090b8ece4b5dfc80d117d90901bf472c9dbb403d212b395fb16b9e92a44,0.00738,,
H03-bitmix.c,5c27c9eebd7692fad7689408e2fe6584e1fafdbe035b8bf2aaeecea6312deca3,string,gnu_full_strip,strip --strip-all,preserve,preserve,True,0,,4d6f7270682d3031,True,92b7cf2d5c76fbf28b3998ea74dfb78833ed213143d62c632de99d3c513eba32,0.006216,,
H03-bitmix.c,5c27c9eebd7692fad7689408e2fe6584e1fafdbe035b8bf2aaeecea6312deca3,string,llvm_full_strip,llvm-objcopy --strip-all,preserve,preserve,True,0,,4d6f7270682d3031,True,c4b4cefdea6b82e4a311ca45d7a5030cb89378ea5775bfeae290cf76e9a7cb49,0.00653,,
H03-bitmix.c,5c27c9eebd7692fad7689408e2fe6584e1fafdbe035b8bf2aaeecea6312deca3,string,gnu_section_remove,objcopy --remove-section .wmrec,preserve,preserve,True,0,,4d6f7270682d3031,True,da7c237d0df2d2b6d1ca2cb5dd03466dbaaba41078f9d3c867f605fd4669c299,0.005268,,
H03-bitmix.c,5c27c9eebd7692fad7689408e2fe6584e1fafdbe035b8bf2aaeecea6312deca3,string,llvm_section_remove,llvm-objcopy --remove-section .wmrec,preserve,preserve,True,0,,4d6f7270682d3031,True,c799cef980710b6146193cbaf9ba38e4bd0ee3a66e64cbefc370fa3fe9415c65,0.005524,,
H03-bitmix.c,5c27c9eebd7692fad7689408e2fe6584e1fafdbe035b8bf2aaeecea6312deca3,symbol,relocate,copy,preserve,preserve,True,0,,4d6f7270682d3031,True,5c7accacb098d6d244146500619923dc79513fa3657020d3f27b70659574abca,0.005232,,
H03-bitmix.c,5c27c9eebd7692fad7689408e2fe6584e1fafdbe035b8bf2aaeecea6312deca3,symbol,gnu_debug_strip,strip --strip-debug,preserve,preserve,True,0,,4d6f7270682d3031,True,5d559679f45d3185bb19dcf1d6eee0b2c0198756a3117eadd6b84f3277fd1a02,0.007127,,
H03-bitmix.c,5c27c9eebd7692fad7689408e2fe6584e1fafdbe035b8bf2aaeecea6312deca3,symbol,llvm_debug_strip,llvm-objcopy --strip-debug,preserve,preserve,True,0,,4d6f7270682d3031,True,96f9dc2fcbefa27b7ba740025939069eafe4323ef5d1e5894322c71ad5205aff,0.007039,,
H03-bitmix.c,5c27c9eebd7692fad7689408e2fe6584e1fafdbe035b8bf2aaeecea6312deca3,symbol,gnu_full_strip,strip --strip-all,reject,reject,True,0,absent,,False,061c8ce081766c9f16613be9a25cbf75658768eb691dc284110020006808d371,0.003302,,
H03-bitmix.c,5c27c9eebd7692fad7689408e2fe6584e1fafdbe035b8bf2aaeecea6312deca3,symbol,llvm_full_strip,llvm-objcopy --strip-all,reject,reject,True,0,absent,,False,5b3ffc234bb70eb961fff96352c91fd5144180b90668ca4c180b77e1db5877f7,0.003235,,
H03-bitmix.c,5c27c9eebd7692fad7689408e2fe6584e1fafdbe035b8bf2aaeecea6312deca3,symbol,gnu_section_remove,objcopy --remove-section .wmrec,preserve,preserve,True,0,,4d6f7270682d3031,True,5c7accacb098d6d244146500619923dc79513fa3657020d3f27b70659574abca,0.007154,,
H03-bitmix.c,5c27c9eebd7692fad7689408e2fe6584e1fafdbe035b8bf2aaeecea6312deca3,symbol,llvm_section_remove,llvm-objcopy --remove-section .wmrec,preserve,preserve,True,0,,4d6f7270682d3031,True,d33de8388c76610fa788401fa111ef2abe7f8456d869477012b4fc5ca0531573,0.008516,,
H03-bitmix.c,5c27c9eebd7692fad7689408e2fe6584e1fafdbe035b8bf2aaeecea6312deca3,section,relocate,copy,preserve,preserve,True,0,,4d6f7270682d3031,True,7d0ee1e297a16d3f929880953fa30087c888be7f1e6e23ac3e7fdb7db46531ca,0.00563,,
H03-bitmix.c,5c27c9eebd7692fad7689408e2fe6584e1fafdbe035b8bf2aaeecea6312deca3,section,gnu_debug_strip,strip --strip-debug,preserve,preserve,True,0,,4d6f7270682d3031,True,e6e600262c3fd4c14916b492d4c53d0855dda9cafa87ad65a8b25b30a81f99af,0.007643,,
H03-bitmix.c,5c27c9eebd7692fad7689408e2fe6584e1fafdbe035b8bf2aaeecea6312deca3,section,llvm_debug_strip,llvm-objcopy --strip-debug,preserve,preserve,True,0,,4d6f7270682d3031,True,e6e600262c3fd4c14916b492d4c53d0855dda9cafa87ad65a8b25b30a81f99af,0.008272,,
H03-bitmix.c,5c27c9eebd7692fad7689408e2fe6584e1fafdbe035b8bf2aaeecea6312deca3,section,gnu_full_strip,strip --strip-all,preserve,preserve,True,0,,4d6f7270682d3031,True,15bf4626d6ec9ae7784f5bc840aa841a918be520875644a4cb4aaa1043eae29b,0.007752,,
H03-bitmix.c,5c27c9eebd7692fad7689408e2fe6584e1fafdbe035b8bf2aaeecea6312deca3,section,llvm_full_strip,llvm-objcopy --strip-all,preserve,reject,False,0,absent,,False,c0fd8e698ed16b0e4d28c85cde40c188c8a7395a24ee5867ab4471a8441c9ee0,0.005263,,
H03-bitmix.c,5c27c9eebd7692fad7689408e2fe6584e1fafdbe035b8bf2aaeecea6312deca3,section,gnu_section_remove,objcopy --remove-section .wmrec,reject,reject,True,0,absent,,False,5775a8f51f0bb1be56b307c017ccd64c0227392f7eb69e815ac14a4d0694442e,0.003917,,
H03-bitmix.c,5c27c9eebd7692fad7689408e2fe6584e1fafdbe035b8bf2aaeecea6312deca3,section,llvm_section_remove,llvm-objcopy --remove-section .wmrec,reject,reject,True,0,absent,,False,5775a8f51f0bb1be56b307c017ccd64c0227392f7eb69e815ac14a4d0694442e,0.003522,,
H04-polynomial.c,d2aec92b283acd9bfc238b742e3966d7868fcb935c1ea8b67926a8941942ffd0,string,relocate,copy,preserve,preserve,True,0,,4d6f7270682d3031,True,197e2597c6e1f0252674264ae3597576388442e7269786c84cdaa059aa9c42be,0.004477,,
H04-polynomial.c,d2aec92b283acd9bfc238b742e3966d7868fcb935c1ea8b67926a8941942ffd0,string,gnu_debug_strip,strip --strip-debug,preserve,preserve,True,0,,4d6f7270682d3031,True,3d2b0413e8fcb6babe30a06f45d93eff96742439a5521e18292d843648031772,0.005586,,
H04-polynomial.c,d2aec92b283acd9bfc238b742e3966d7868fcb935c1ea8b67926a8941942ffd0,string,llvm_debug_strip,llvm-objcopy --strip-debug,preserve,preserve,True,0,,4d6f7270682d3031,True,96b557014fbffe66555d11efafdc8ea11633784820077f67de5823e3d0cc35e7,0.006341,,
H04-polynomial.c,d2aec92b283acd9bfc238b742e3966d7868fcb935c1ea8b67926a8941942ffd0,string,gnu_full_strip,strip --strip-all,preserve,preserve,True,0,,4d6f7270682d3031,True,6f17a614c08e1def023f4bf82c83108fcf18e03458535a7a45b1048b01ef5ae8,0.005972,,
H04-polynomial.c,d2aec92b283acd9bfc238b742e3966d7868fcb935c1ea8b67926a8941942ffd0,string,llvm_full_strip,llvm-objcopy --strip-all,preserve,preserve,True,0,,4d6f7270682d3031,True,41f266dc439cef38ddf44394fb84fd2bd9434385470abdd04ce05c87856fe2f0,0.007005,,
H04-polynomial.c,d2aec92b283acd9bfc238b742e3966d7868fcb935c1ea8b67926a8941942ffd0,string,gnu_section_remove,objcopy --remove-section .wmrec,preserve,preserve,True,0,,4d6f7270682d3031,True,197e2597c6e1f0252674264ae3597576388442e7269786c84cdaa059aa9c42be,0.005849,,
H04-polynomial.c,d2aec92b283acd9bfc238b742e3966d7868fcb935c1ea8b67926a8941942ffd0,string,llvm_section_remove,llvm-objcopy --remove-section .wmrec,preserve,preserve,True,0,,4d6f7270682d3031,True,e57cefdf692be8e766c10d965a5458c57e391c11d52c2cdf0f64ee199f2289aa,0.006311,,
H04-polynomial.c,d2aec92b283acd9bfc238b742e3966d7868fcb935c1ea8b67926a8941942ffd0,symbol,relocate,copy,preserve,preserve,True,0,,4d6f7270682d3031,True,43fd5e6e7836a9cd023d5532a0513bdbd2ab830b01a6e47ff2c0688f0df07494,0.00615,,
H04-polynomial.c,d2aec92b283acd9bfc238b742e3966d7868fcb935c1ea8b67926a8941942ffd0,symbol,gnu_debug_strip,strip --strip-debug,preserve,preserve,True,0,,4d6f7270682d3031,True,924e87b8de60920ceaabcd820fd5a8dc373936e78e51427c417148b85e8d93df,0.006548,,
H04-polynomial.c,d2aec92b283acd9bfc238b742e3966d7868fcb935c1ea8b67926a8941942ffd0,symbol,llvm_debug_strip,llvm-objcopy --strip-debug,preserve,preserve,True,0,,4d6f7270682d3031,True,dbb84fa5dde146cf2c53c727c919cb0efa6801bf5a1ed5c283a26029bc81fc55,0.007688,,
H04-polynomial.c,d2aec92b283acd9bfc238b742e3966d7868fcb935c1ea8b67926a8941942ffd0,symbol,gnu_full_strip,strip --strip-all,reject,reject,True,0,absent,,False,cec9dc36e844f0c8824c484118d6364e1a46c3f2187750bfe41f6e80a0878782,0.003291,,
H04-polynomial.c,d2aec92b283acd9bfc238b742e3966d7868fcb935c1ea8b67926a8941942ffd0,symbol,llvm_full_strip,llvm-objcopy --strip-all,reject,reject,True,0,absent,,False,dd70a7601540590eee9a92962ec61cfd7ef96dce8eb0c782d520a2ccef4a9c10,0.003505,,
H04-polynomial.c,d2aec92b283acd9bfc238b742e3966d7868fcb935c1ea8b67926a8941942ffd0,symbol,gnu_section_remove,objcopy --remove-section .wmrec,preserve,preserve,True,0,,4d6f7270682d3031,True,43fd5e6e7836a9cd023d5532a0513bdbd2ab830b01a6e47ff2c0688f0df07494,0.007625,,
H04-polynomial.c,d2aec92b283acd9bfc238b742e3966d7868fcb935c1ea8b67926a8941942ffd0,symbol,llvm_section_remove,llvm-objcopy --remove-section .wmrec,preserve,preserve,True,0,,4d6f7270682d3031,True,6bb1a23a48f7bdcd2b2dfb44182929d2070d25b30250abe8061169b349622c11,0.008712,,
H04-polynomial.c,d2aec92b283acd9bfc238b742e3966d7868fcb935c1ea8b67926a8941942ffd0,section,relocate,copy,preserve,preserve,True,0,,4d6f7270682d3031,True,fac813690e4316eb0c966435a434dfe95f52753db9ce3544b6a82e72e807e211,0.006723,,
H04-polynomial.c,d2aec92b283acd9bfc238b742e3966d7868fcb935c1ea8b67926a8941942ffd0,section,gnu_debug_strip,strip --strip-debug,preserve,preserve,True,0,,4d6f7270682d3031,True,a857487b3a177a917d5d03b177f747a2fb8bdbbf9176c9cb495429b1aa9b0461,0.007596,,
H04-polynomial.c,d2aec92b283acd9bfc238b742e3966d7868fcb935c1ea8b67926a8941942ffd0,section,llvm_debug_strip,llvm-objcopy --strip-debug,preserve,preserve,True,0,,4d6f7270682d3031,True,a857487b3a177a917d5d03b177f747a2fb8bdbbf9176c9cb495429b1aa9b0461,0.008177,,
H04-polynomial.c,d2aec92b283acd9bfc238b742e3966d7868fcb935c1ea8b67926a8941942ffd0,section,gnu_full_strip,strip --strip-all,preserve,preserve,True,0,,4d6f7270682d3031,True,335300d291c58f81d5cf5519e88db8fa8903d0167bfb09c1b912f21f947cc2be,0.006911,,
H04-polynomial.c,d2aec92b283acd9bfc238b742e3966d7868fcb935c1ea8b67926a8941942ffd0,section,llvm_full_strip,llvm-objcopy --strip-all,preserve,reject,False,0,absent,,False,19b71df24132903813a769c363094f67c3bffa95e41fd7a5ab79b9aff0a3648a,0.004503,,
H04-polynomial.c,d2aec92b283acd9bfc238b742e3966d7868fcb935c1ea8b67926a8941942ffd0,section,gnu_section_remove,objcopy --remove-section .wmrec,reject,reject,True,0,absent,,False,7a20d9f12a2c6e0261ddcaf0ba55c0d7ec783ba600944f4f597dfdd35f883267,0.003373,,
H04-polynomial.c,d2aec92b283acd9bfc238b742e3966d7868fcb935c1ea8b67926a8941942ffd0,section,llvm_section_remove,llvm-objcopy --remove-section .wmrec,reject,reject,True,0,absent,,False,7a20d9f12a2c6e0261ddcaf0ba55c0d7ec783ba600944f4f597dfdd35f883267,0.004045,,
H05-crc.c,f4e43543a1f68ad2694da9eded1b815451884dc21de7bc57e541d288ab5519c8,string,relocate,copy,preserve,preserve,True,0,,4d6f7270682d3031,True,25f7faa005f8e62ffd924a309a1151e4755f93d84bda00e82b7e5f5a6f51caf7,0.004671,,
H05-crc.c,f4e43543a1f68ad2694da9eded1b815451884dc21de7bc57e541d288ab5519c8,string,gnu_debug_strip,strip --strip-debug,preserve,preserve,True,0,,4d6f7270682d3031,True,5ec3431d793572517795f578e23f3694433ebeba003544519ff27cc8781802a2,0.006681,,
H05-crc.c,f4e43543a1f68ad2694da9eded1b815451884dc21de7bc57e541d288ab5519c8,string,llvm_debug_strip,llvm-objcopy --strip-debug,preserve,preserve,True,0,,4d6f7270682d3031,True,302f8829135de2332471b8d23cfb5e528a6d988697ef6dcb66504a7a3dd498e4,0.006627,,
H05-crc.c,f4e43543a1f68ad2694da9eded1b815451884dc21de7bc57e541d288ab5519c8,string,gnu_full_strip,strip --strip-all,preserve,preserve,True,0,,4d6f7270682d3031,True,bf76eb93f16675e269f275b71e4ba937ca1dd24924bc2165547b189b1a969e4b,0.006439,,
H05-crc.c,f4e43543a1f68ad2694da9eded1b815451884dc21de7bc57e541d288ab5519c8,string,llvm_full_strip,llvm-objcopy --strip-all,preserve,preserve,True,0,,4d6f7270682d3031,True,a26f5d0e4f2a4bba1b4e9256ac0a6bce72d2342702ea1d938125b17d839ab351,0.006067,,
H05-crc.c,f4e43543a1f68ad2694da9eded1b815451884dc21de7bc57e541d288ab5519c8,string,gnu_section_remove,objcopy --remove-section .wmrec,preserve,preserve,True,0,,4d6f7270682d3031,True,25f7faa005f8e62ffd924a309a1151e4755f93d84bda00e82b7e5f5a6f51caf7,0.005892,,
H05-crc.c,f4e43543a1f68ad2694da9eded1b815451884dc21de7bc57e541d288ab5519c8,string,llvm_section_remove,llvm-objcopy --remove-section .wmrec,preserve,preserve,True,0,,4d6f7270682d3031,True,17a3a8a63c42aaf11c169ba80a146730db0658d22826e45a6921a805080a8564,0.006682,,
H05-crc.c,f4e43543a1f68ad2694da9eded1b815451884dc21de7bc57e541d288ab5519c8,symbol,relocate,copy,preserve,preserve,True,0,,4d6f7270682d3031,True,8afae10639b154f28ffbbdd60814bf8a61a1a5bb7e77436f6c6694a0c9fc9a2e,0.006003,,
H05-crc.c,f4e43543a1f68ad2694da9eded1b815451884dc21de7bc57e541d288ab5519c8,symbol,gnu_debug_strip,strip --strip-debug,preserve,preserve,True,0,,4d6f7270682d3031,True,876b59aacc8272ad5efa29064ccc946ba5b1eb1ec8bd45a33c357446f3ebd104,0.008139,,
H05-crc.c,f4e43543a1f68ad2694da9eded1b815451884dc21de7bc57e541d288ab5519c8,symbol,llvm_debug_strip,llvm-objcopy --strip-debug,preserve,preserve,True,0,,4d6f7270682d3031,True,b84f6adc0d37f8cd5c4c63665c2954225e8822a58d68f1730445b581bcafc60f,0.008389,,
H05-crc.c,f4e43543a1f68ad2694da9eded1b815451884dc21de7bc57e541d288ab5519c8,symbol,gnu_full_strip,strip --strip-all,reject,reject,True,0,absent,,False,3d95754378e89a803503f89f0cf1a688d0f4a6c2ede231892c92ec32da0cc77c,0.002972,,
H05-crc.c,f4e43543a1f68ad2694da9eded1b815451884dc21de7bc57e541d288ab5519c8,symbol,llvm_full_strip,llvm-objcopy --strip-all,reject,reject,True,0,absent,,False,ee487de667913a4753dd2f14023f006115db2f61d7d4c763019200dbbe0b7119,0.003489,,
H05-crc.c,f4e43543a1f68ad2694da9eded1b815451884dc21de7bc57e541d288ab5519c8,symbol,gnu_section_remove,objcopy --remove-section .wmrec,preserve,preserve,True,0,,4d6f7270682d3031,True,8afae10639b154f28ffbbdd60814bf8a61a1a5bb7e77436f6c6694a0c9fc9a2e,0.00737,,
H05-crc.c,f4e43543a1f68ad2694da9eded1b815451884dc21de7bc57e541d288ab5519c8,symbol,llvm_section_remove,llvm-objcopy --remove-section .wmrec,preserve,preserve,True,0,,4d6f7270682d3031,True,35cb3675158eba9a3ac0a39ed8e33be1c5f88d8cdcf54e93e6dc877e3a224602,0.008248,,
H05-crc.c,f4e43543a1f68ad2694da9eded1b815451884dc21de7bc57e541d288ab5519c8,section,relocate,copy,preserve,preserve,True,0,,4d6f7270682d3031,True,29c1056d5dceb90ae65fe88f57323d94fefa725c123627996b6b05bab9932a2c,0.005277,,
H05-crc.c,f4e43543a1f68ad2694da9eded1b815451884dc21de7bc57e541d288ab5519c8,section,gnu_debug_strip,strip --strip-debug,preserve,preserve,True,0,,4d6f7270682d3031,True,542cd3c0db4166cf6f7067d1cfc916a910f782faae1a1a16a5b8fcd1162b2f13,0.007659,,
H05-crc.c,f4e43543a1f68ad2694da9eded1b815451884dc21de7bc57e541d288ab5519c8,section,llvm_debug_strip,llvm-objcopy --strip-debug,preserve,preserve,True,0,,4d6f7270682d3031,True,542cd3c0db4166cf6f7067d1cfc916a910f782faae1a1a16a5b8fcd1162b2f13,0.009191,,
H05-crc.c,f4e43543a1f68ad2694da9eded1b815451884dc21de7bc57e541d288ab5519c8,section,gnu_full_strip,strip --strip-all,preserve,preserve,True,0,,4d6f7270682d3031,True,50c49a8969ebc56fb776eff0ce2f5c1e5b5e90fc50aec30483961c4417be1a76,0.008734,,
H05-crc.c,f4e43543a1f68ad2694da9eded1b815451884dc21de7bc57e541d288ab5519c8,section,llvm_full_strip,llvm-objcopy --strip-all,preserve,reject,False,0,absent,,False,8105f8a6bb0f643fad0e694ac41c039435203b99a0d868fc1a9ca0699ba28519,0.0051,,
H05-crc.c,f4e43543a1f68ad2694da9eded1b815451884dc21de7bc57e541d288ab5519c8,section,gnu_section_remove,objcopy --remove-section .wmrec,reject,reject,True,0,absent,,False,dbd0b6ba424c7cc8d7dacc692e1e646594e9460670fd4670d7c74ddd1e5ac050,0.003906,,
H05-crc.c,f4e43543a1f68ad2694da9eded1b815451884dc21de7bc57e541d288ab5519c8,section,llvm_section_remove,llvm-objcopy --remove-section .wmrec,reject,reject,True,0,absent,,False,dbd0b6ba424c7cc8d7dacc692e1e646594e9460670fd4670d7c74ddd1e5ac050,0.004844,,
H06-primecount.c,5bd3d0ff479b5dea18f8c5cb93f7a3c6311fbfad45eefebdc81a5c064ff2b278,string,relocate,copy,preserve,preserve,True,0,,4d6f7270682d3031,True,ab56bf7c2652d79bc1fceac8566bb710f7a74093f75bd9db1a4a964c2aba6d84,0.003719,,
H06-primecount.c,5bd3d0ff479b5dea18f8c5cb93f7a3c6311fbfad45eefebdc81a5c064ff2b278,string,gnu_debug_strip,strip --strip-debug,preserve,preserve,True,0,,4d6f7270682d3031,True,96341f1e84b8362d9c0732db6d96da54f662ae4243e2924176f83dfc1c1c49c2,0.00597,,
H06-primecount.c,5bd3d0ff479b5dea18f8c5cb93f7a3c6311fbfad45eefebdc81a5c064ff2b278,string,llvm_debug_strip,llvm-objcopy --strip-debug,preserve,preserve,True,0,,4d6f7270682d3031,True,4020dc212699728098a7eb4bc4896ba7cc3d7da4135312d8de56c1dd647e649b,0.006669,,
H06-primecount.c,5bd3d0ff479b5dea18f8c5cb93f7a3c6311fbfad45eefebdc81a5c064ff2b278,string,gnu_full_strip,strip --strip-all,preserve,preserve,True,0,,4d6f7270682d3031,True,71836182d0a46cb798e98b36f2dc954bca2bd91d77a545a61f5bdef7b943818f,0.006175,,
H06-primecount.c,5bd3d0ff479b5dea18f8c5cb93f7a3c6311fbfad45eefebdc81a5c064ff2b278,string,llvm_full_strip,llvm-objcopy --strip-all,preserve,preserve,True,0,,4d6f7270682d3031,True,284a053b64ba22a66fe36ace5d0ed83ef117a04e2c798c895692706879a2df3a,0.006812,,
H06-primecount.c,5bd3d0ff479b5dea18f8c5cb93f7a3c6311fbfad45eefebdc81a5c064ff2b278,string,gnu_section_remove,objcopy --remove-section .wmrec,preserve,preserve,True,0,,4d6f7270682d3031,True,ab56bf7c2652d79bc1fceac8566bb710f7a74093f75bd9db1a4a964c2aba6d84,0.005923,,
H06-primecount.c,5bd3d0ff479b5dea18f8c5cb93f7a3c6311fbfad45eefebdc81a5c064ff2b278,string,llvm_section_remove,llvm-objcopy --remove-section .wmrec,preserve,preserve,True,0,,4d6f7270682d3031,True,9abca51bce77f58a3cd7d213f0292f54b082634c0debc3c92b3bfed620f1ff11,0.005899,,
H06-primecount.c,5bd3d0ff479b5dea18f8c5cb93f7a3c6311fbfad45eefebdc81a5c064ff2b278,symbol,relocate,copy,preserve,preserve,True,0,,4d6f7270682d3031,True,c23363b076c16e1edb13b1730e5a97d5b5c731bc4b00ea25834295f8b1d8891a,0.0054,,
H06-primecount.c,5bd3d0ff479b5dea18f8c5cb93f7a3c6311fbfad45eefebdc81a5c064ff2b278,symbol,gnu_debug_strip,strip --strip-debug,preserve,preserve,True,0,,4d6f7270682d3031,True,5a80038110ec85fd49b525ecdab809566e87788231be814518e4c2d1041bdd0a,0.007459,,
H06-primecount.c,5bd3d0ff479b5dea18f8c5cb93f7a3c6311fbfad45eefebdc81a5c064ff2b278,symbol,llvm_debug_strip,llvm-objcopy --strip-debug,preserve,preserve,True,0,,4d6f7270682d3031,True,415ddc3cb145e2afb92173e3fdda36a202a535b956676db928b6e266ad863007,0.008078,,
H06-primecount.c,5bd3d0ff479b5dea18f8c5cb93f7a3c6311fbfad45eefebdc81a5c064ff2b278,symbol,gnu_full_strip,strip --strip-all,reject,reject,True,0,absent,,False,f8c0c87d423e355a76d55109796372dbf237526f9224ace29e4a1931c2159009,0.003132,,
H06-primecount.c,5bd3d0ff479b5dea18f8c5cb93f7a3c6311fbfad45eefebdc81a5c064ff2b278,symbol,llvm_full_strip,llvm-objcopy --strip-all,reject,reject,True,0,absent,,False,ca77346c9381e04f2e6fc5174de4852b5acb8be75c052519469bd87336de17dc,0.004109,,
H06-primecount.c,5bd3d0ff479b5dea18f8c5cb93f7a3c6311fbfad45eefebdc81a5c064ff2b278,symbol,gnu_section_remove,objcopy --remove-section .wmrec,preserve,preserve,True,0,,4d6f7270682d3031,True,c23363b076c16e1edb13b1730e5a97d5b5c731bc4b00ea25834295f8b1d8891a,0.006868,,
H06-primecount.c,5bd3d0ff479b5dea18f8c5cb93f7a3c6311fbfad45eefebdc81a5c064ff2b278,symbol,llvm_section_remove,llvm-objcopy --remove-section .wmrec,preserve,preserve,True,0,,4d6f7270682d3031,True,3ca8ea0f5f1b614a07a9eee2e1814e635a83efb656ec00302a2288c336035ac9,0.00733,,
H06-primecount.c,5bd3d0ff479b5dea18f8c5cb93f7a3c6311fbfad45eefebdc81a5c064ff2b278,section,relocate,copy,preserve,preserve,True,0,,4d6f7270682d3031,True,835a974547e9b4418552d2f45381b5c6a26296f9b4979bc1e506f03844239347,0.006158,,
H06-primecount.c,5bd3d0ff479b5dea18f8c5cb93f7a3c6311fbfad45eefebdc81a5c064ff2b278,section,gnu_debug_strip,strip --strip-debug,preserve,preserve,True,0,,4d6f7270682d3031,True,1a2a0e7398bc1733a9f0767d978631c1fb676fca9294a66e88a889e0fc28f97a,0.006904,,
H06-primecount.c,5bd3d0ff479b5dea18f8c5cb93f7a3c6311fbfad45eefebdc81a5c064ff2b278,section,llvm_debug_strip,llvm-objcopy --strip-debug,preserve,preserve,True,0,,4d6f7270682d3031,True,1a2a0e7398bc1733a9f0767d978631c1fb676fca9294a66e88a889e0fc28f97a,0.008261,,
H06-primecount.c,5bd3d0ff479b5dea18f8c5cb93f7a3c6311fbfad45eefebdc81a5c064ff2b278,section,gnu_full_strip,strip --strip-all,preserve,preserve,True,0,,4d6f7270682d3031,True,adc967ada72c1ef2a2ab66b50f43a45e31f7820f697277db544ce94a3ef0c5c3,0.006548,,
H06-primecount.c,5bd3d0ff479b5dea18f8c5cb93f7a3c6311fbfad45eefebdc81a5c064ff2b278,section,llvm_full_strip,llvm-objcopy --strip-all,preserve,reject,False,0,absent,,False,40dbd8285519e5e5a19ef9063de25bce0c61139ab9c978fc4c977112bc4b5228,0.004292,,
H06-primecount.c,5bd3d0ff479b5dea18f8c5cb93f7a3c6311fbfad45eefebdc81a5c064ff2b278,section,gnu_section_remove,objcopy --remove-section .wmrec,reject,reject,True,0,absent,,False,9a837147ea9250ec450eb02104060f0780210b68e11e5007a5a58402679392e3,0.002913,,
H06-primecount.c,5bd3d0ff479b5dea18f8c5cb93f7a3c6311fbfad45eefebdc81a5c064ff2b278,section,llvm_section_remove,llvm-objcopy --remove-section .wmrec,reject,reject,True,0,absent,,False,9a837147ea9250ec450eb02104060f0780210b68e11e5007a5a58402679392e3,0.003534,,
H07-sortfold.c,f9fce25990cca81313af1ec178ed52e149b59d6b44ba3b93bdd181a9f2b29af7,string,relocate,copy,preserve,preserve,True,0,,4d6f7270682d3031,True,b0247d234b07a1e41676f5d2da8e2dd538c052e29cd225568012a1cdd029d58f,0.003811,,
H07-sortfold.c,f9fce25990cca81313af1ec178ed52e149b59d6b44ba3b93bdd181a9f2b29af7,string,gnu_debug_strip,strip --strip-debug,preserve,preserve,True,0,,4d6f7270682d3031,True,8cb66ff122e9d1bd5cc552468f6acb60bcd45fb4909b7acd1446b0f27ed870de,0.005715,,
H07-sortfold.c,f9fce25990cca81313af1ec178ed52e149b59d6b44ba3b93bdd181a9f2b29af7,string,llvm_debug_strip,llvm-objcopy --strip-debug,preserve,preserve,True,0,,4d6f7270682d3031,True,2a01e0c3c4fc094bee7592e50a2305e316654307c497a23deb0997cfab4c30cc,0.006328,,
H07-sortfold.c,f9fce25990cca81313af1ec178ed52e149b59d6b44ba3b93bdd181a9f2b29af7,string,gnu_full_strip,strip --strip-all,preserve,preserve,True,0,,4d6f7270682d3031,True,77d1103d61b6e6c1438536d432f059ef33d33bb5d10e1ade6d5d60a3c4760ca5,0.005374,,
H07-sortfold.c,f9fce25990cca81313af1ec178ed52e149b59d6b44ba3b93bdd181a9f2b29af7,string,llvm_full_strip,llvm-objcopy --strip-all,preserve,preserve,True,0,,4d6f7270682d3031,True,24aa8ef107a15e82766885499c418b09dd4111c588c5a2e9dde63d92c4b7d261,0.006553,,
H07-sortfold.c,f9fce25990cca81313af1ec178ed52e149b59d6b44ba3b93bdd181a9f2b29af7,string,gnu_section_remove,objcopy --remove-section .wmrec,preserve,preserve,True,0,,4d6f7270682d3031,True,b0247d234b07a1e41676f5d2da8e2dd538c052e29cd225568012a1cdd029d58f,0.005778,,
H07-sortfold.c,f9fce25990cca81313af1ec178ed52e149b59d6b44ba3b93bdd181a9f2b29af7,string,llvm_section_remove,llvm-objcopy --remove-section .wmrec,preserve,preserve,True,0,,4d6f7270682d3031,True,026c4fc6dedbb4756ac2959f55ca7ded0979c63d28ed7c6ec9903e9de94db53f,0.005778,,
H07-sortfold.c,f9fce25990cca81313af1ec178ed52e149b59d6b44ba3b93bdd181a9f2b29af7,symbol,relocate,copy,preserve,preserve,True,0,,4d6f7270682d3031,True,685d714f508a896a6359b4b37210ae7f2d99ada9ec6d4aa745478d410f5c92ae,0.006,,
H07-sortfold.c,f9fce25990cca81313af1ec178ed52e149b59d6b44ba3b93bdd181a9f2b29af7,symbol,gnu_debug_strip,strip --strip-debug,preserve,preserve,True,0,,4d6f7270682d3031,True,763cf1dba99312f1b17a335457cc139a71a608312b3c3809b5eddc8d4a405971,0.006717,,
H07-sortfold.c,f9fce25990cca81313af1ec178ed52e149b59d6b44ba3b93bdd181a9f2b29af7,symbol,llvm_debug_strip,llvm-objcopy --strip-debug,preserve,preserve,True,0,,4d6f7270682d3031,True,f3d73d4022c244627f436742dfdd5667c80a3e2c9d7eb53fdb70f52e04122a49,0.008652,,
H07-sortfold.c,f9fce25990cca81313af1ec178ed52e149b59d6b44ba3b93bdd181a9f2b29af7,symbol,gnu_full_strip,strip --strip-all,reject,reject,True,0,absent,,False,8722d519220d055eeb37469ddbb9023379e2df9be03849eaf3b97e43f397067c,0.004423,,
H07-sortfold.c,f9fce25990cca81313af1ec178ed52e149b59d6b44ba3b93bdd181a9f2b29af7,symbol,llvm_full_strip,llvm-objcopy --strip-all,reject,reject,True,0,absent,,False,4f5a4e92c807e964f00e6664b555df01a84d1da2a1a84f8f8fa454080060e6a9,0.004515,,
H07-sortfold.c,f9fce25990cca81313af1ec178ed52e149b59d6b44ba3b93bdd181a9f2b29af7,symbol,gnu_section_remove,objcopy --remove-section .wmrec,preserve,preserve,True,0,,4d6f7270682d3031,True,685d714f508a896a6359b4b37210ae7f2d99ada9ec6d4aa745478d410f5c92ae,0.007101,,
H07-sortfold.c,f9fce25990cca81313af1ec178ed52e149b59d6b44ba3b93bdd181a9f2b29af7,symbol,llvm_section_remove,llvm-objcopy --remove-section .wmrec,preserve,preserve,True,0,,4d6f7270682d3031,True,b67f2ecfce3afcc5563a493fc45ef66795184c2c4a7fed49c4e29a1bfadbc936,0.008472,,
H07-sortfold.c,f9fce25990cca81313af1ec178ed52e149b59d6b44ba3b93bdd181a9f2b29af7,section,relocate,copy,preserve,preserve,True,0,,4d6f7270682d3031,True,de82c90715ae36033398a5b0f1affc5680df83c0f05033008630a28b6991d710,0.005351,,
H07-sortfold.c,f9fce25990cca81313af1ec178ed52e149b59d6b44ba3b93bdd181a9f2b29af7,section,gnu_debug_strip,strip --strip-debug,preserve,preserve,True,0,,4d6f7270682d3031,True,705cdf2d82fbb0ccc8f79020100dbaae94f3c37f538a023b0b1eaeb4c2bf766b,0.007334,,
H07-sortfold.c,f9fce25990cca81313af1ec178ed52e149b59d6b44ba3b93bdd181a9f2b29af7,section,llvm_debug_strip,llvm-objcopy --strip-debug,preserve,preserve,True,0,,4d6f7270682d3031,True,705cdf2d82fbb0ccc8f79020100dbaae94f3c37f538a023b0b1eaeb4c2bf766b,0.008273,,
H07-sortfold.c,f9fce25990cca81313af1ec178ed52e149b59d6b44ba3b93bdd181a9f2b29af7,section,gnu_full_strip,strip --strip-all,preserve,preserve,True,0,,4d6f7270682d3031,True,1a9604db0a1fe5b8b3eb28e00630da5f5270bceba4af2e2caec64c1a00e689fb,0.008521,,
H07-sortfold.c,f9fce25990cca81313af1ec178ed52e149b59d6b44ba3b93bdd181a9f2b29af7,section,llvm_full_strip,llvm-objcopy --strip-all,preserve,reject,False,0,absent,,False,e596abdb85880046f4c943da81809c80a34b2e57102e11e944b6b0f60639072e,0.004455,,
H07-sortfold.c,f9fce25990cca81313af1ec178ed52e149b59d6b44ba3b93bdd181a9f2b29af7,section,gnu_section_remove,objcopy --remove-section .wmrec,reject,reject,True,0,absent,,False,0af86509235fecab3ec0d1acbf9971d216f84bfdf79e6d420402552ecde3618e,0.002862,,
H07-sortfold.c,f9fce25990cca81313af1ec178ed52e149b59d6b44ba3b93bdd181a9f2b29af7,section,llvm_section_remove,llvm-objcopy --remove-section .wmrec,reject,reject,True,0,absent,,False,0af86509235fecab3ec0d1acbf9971d216f84bfdf79e6d420402552ecde3618e,0.003687,,
H08-statemachine.c,fba50eec707069346cf3ea090e9a05dba20de69781363206f6c5de3f1aa21a04,string,relocate,copy,preserve,preserve,True,0,,4d6f7270682d3031,True,ebd62126b58bc813e1da38e2589f66d919753792708b2fcceb081735d64116a7,0.003539,,
H08-statemachine.c,fba50eec707069346cf3ea090e9a05dba20de69781363206f6c5de3f1aa21a04,string,gnu_debug_strip,strip --strip-debug,preserve,preserve,True,0,,4d6f7270682d3031,True,8cfcd6ac4682d6a0656e14f099d2d305ae34c04f55ed8c2d0e056fefaa4be22d,0.005523,,
H08-statemachine.c,fba50eec707069346cf3ea090e9a05dba20de69781363206f6c5de3f1aa21a04,string,llvm_debug_strip,llvm-objcopy --strip-debug,preserve,preserve,True,0,,4d6f7270682d3031,True,42b75036c2846de08fffda244a4d59774892ba0a60a8e35d8b5688f52d371502,0.006492,,
H08-statemachine.c,fba50eec707069346cf3ea090e9a05dba20de69781363206f6c5de3f1aa21a04,string,gnu_full_strip,strip --strip-all,preserve,preserve,True,0,,4d6f7270682d3031,True,11ffcd5ffab9b71a2a42ca61137cb32902dceb33f9a61bdbfa63dfc99c7c0d57,0.005319,,
H08-statemachine.c,fba50eec707069346cf3ea090e9a05dba20de69781363206f6c5de3f1aa21a04,string,llvm_full_strip,llvm-objcopy --strip-all,preserve,preserve,True,0,,4d6f7270682d3031,True,6bb32d4493520c6f001372c171c19db42ca9574e1177d8b48326cae8ea6a4187,0.00675,,
H08-statemachine.c,fba50eec707069346cf3ea090e9a05dba20de69781363206f6c5de3f1aa21a04,string,gnu_section_remove,objcopy --remove-section .wmrec,preserve,preserve,True,0,,4d6f7270682d3031,True,ebd62126b58bc813e1da38e2589f66d919753792708b2fcceb081735d64116a7,0.005719,,
H08-statemachine.c,fba50eec707069346cf3ea090e9a05dba20de69781363206f6c5de3f1aa21a04,string,llvm_section_remove,llvm-objcopy --remove-section .wmrec,preserve,preserve,True,0,,4d6f7270682d3031,True,379beb9f9946c07aeee2083294528e039c0c5a54176a5b034118c71459763275,0.006922,,
H08-statemachine.c,fba50eec707069346cf3ea090e9a05dba20de69781363206f6c5de3f1aa21a04,symbol,relocate,copy,preserve,preserve,True,0,,4d6f7270682d3031,True,582be7adb5d0bccabdb0fb0b81c3386c8d10ad8ed5d4eb1efd1febb8d9653810,0.005592,,
H08-statemachine.c,fba50eec707069346cf3ea090e9a05dba20de69781363206f6c5de3f1aa21a04,symbol,gnu_debug_strip,strip --strip-debug,preserve,preserve,True,0,,4d6f7270682d3031,True,ca406c88c2a950fbd90ffd1aee40b1cc5e0ad35f9edd0d0d793a42ac7747d450,0.007016,,
H08-statemachine.c,fba50eec707069346cf3ea090e9a05dba20de69781363206f6c5de3f1aa21a04,symbol,llvm_debug_strip,llvm-objcopy --strip-debug,preserve,preserve,True,0,,4d6f7270682d3031,True,3c209fa2d21cdc40edefc3c86dfa47ca064fd2b5de89834ca5502bb311aad4f5,0.008508,,
H08-statemachine.c,fba50eec707069346cf3ea090e9a05dba20de69781363206f6c5de3f1aa21a04,symbol,gnu_full_strip,strip --strip-all,reject,reject,True,0,absent,,False,ea2bc5058175bca06e8a0043323b0a134e092f08121517ca3ef17b320181e256,0.003071,,
H08-statemachine.c,fba50eec707069346cf3ea090e9a05dba20de69781363206f6c5de3f1aa21a04,symbol,llvm_full_strip,llvm-objcopy --strip-all,reject,reject,True,0,absent,,False,7dd9f680ed172b099e645cc68cdecd1d9afad2d6d8c1f94b64b70c806853c537,0.004257,,
H08-statemachine.c,fba50eec707069346cf3ea090e9a05dba20de69781363206f6c5de3f1aa21a04,symbol,gnu_section_remove,objcopy --remove-section .wmrec,preserve,preserve,True,0,,4d6f7270682d3031,True,582be7adb5d0bccabdb0fb0b81c3386c8d10ad8ed5d4eb1efd1febb8d9653810,0.006609,,
H08-statemachine.c,fba50eec707069346cf3ea090e9a05dba20de69781363206f6c5de3f1aa21a04,symbol,llvm_section_remove,llvm-objcopy --remove-section .wmrec,preserve,preserve,True,0,,4d6f7270682d3031,True,a5da3535a54ef7be5ff6439b145642be51e9b84c6339fde305622435755ac97a,0.007582,,
H08-statemachine.c,fba50eec707069346cf3ea090e9a05dba20de69781363206f6c5de3f1aa21a04,section,relocate,copy,preserve,preserve,True,0,,4d6f7270682d3031,True,4d54b739468a38adbe685f07a7fd673d398b196c2bc355744cdfbce7aa5b5529,0.005945,,
H08-statemachine.c,fba50eec707069346cf3ea090e9a05dba20de69781363206f6c5de3f1aa21a04,section,gnu_debug_strip,strip --strip-debug,preserve,preserve,True,0,,4d6f7270682d3031,True,b983b926dc21ad624d31e24f280d293d761c60099a9234b4147a1070a700ada0,0.006454,,
H08-statemachine.c,fba50eec707069346cf3ea090e9a05dba20de69781363206f6c5de3f1aa21a04,section,llvm_debug_strip,llvm-objcopy --strip-debug,preserve,preserve,True,0,,4d6f7270682d3031,True,b983b926dc21ad624d31e24f280d293d761c60099a9234b4147a1070a700ada0,0.00759,,
H08-statemachine.c,fba50eec707069346cf3ea090e9a05dba20de69781363206f6c5de3f1aa21a04,section,gnu_full_strip,strip --strip-all,preserve,preserve,True,0,,4d6f7270682d3031,True,35121b696e7e6bde9c04b010bfb71875071e27ad2f2c47e04edf0ea0d2cf44e8,0.006958,,
H08-statemachine.c,fba50eec707069346cf3ea090e9a05dba20de69781363206f6c5de3f1aa21a04,section,llvm_full_strip,llvm-objcopy --strip-all,preserve,reject,False,0,absent,,False,bab6512ad214fbcc11d4455628fc7652e95c867a6d8e93069802e8c59b8ea38e,0.004501,,
H08-statemachine.c,fba50eec707069346cf3ea090e9a05dba20de69781363206f6c5de3f1aa21a04,section,gnu_section_remove,objcopy --remove-section .wmrec,reject,reject,True,0,absent,,False,31e7c772360d577cec0cd32ca5b4c0eccb8e8265556f7e5531d5f18904c6f776,0.003839,,
H08-statemachine.c,fba50eec707069346cf3ea090e9a05dba20de69781363206f6c5de3f1aa21a04,section,llvm_section_remove,llvm-objcopy --remove-section .wmrec,reject,reject,True,0,absent,,False,31e7c772360d577cec0cd32ca5b4c0eccb8e8265556f7e5531d5f18904c6f776,0.004353,,
H09-matrix.c,6a5f2b049a19ea0f49f3a53409703b691082972c8497a6cffe736079c46e2330,string,relocate,copy,preserve,preserve,True,0,,4d6f7270682d3031,True,7d549ce27ff5acdf9387da6824085a402429130ec565397bd28367f755eb2ef7,0.004416,,
H09-matrix.c,6a5f2b049a19ea0f49f3a53409703b691082972c8497a6cffe736079c46e2330,string,gnu_debug_strip,strip --strip-debug,preserve,preserve,True,0,,4d6f7270682d3031,True,efe8c9ad2778944a197d22e264028438e7b8938191a28d71e6151aa38cb5e976,0.005899,,
H09-matrix.c,6a5f2b049a19ea0f49f3a53409703b691082972c8497a6cffe736079c46e2330,string,llvm_debug_strip,llvm-objcopy --strip-debug,preserve,preserve,True,0,,4d6f7270682d3031,True,123eb3495fe128b0e85c5f630aa072614784dd38a650364989e71c83fd32dab3,0.007771,,
H09-matrix.c,6a5f2b049a19ea0f49f3a53409703b691082972c8497a6cffe736079c46e2330,string,gnu_full_strip,strip --strip-all,preserve,preserve,True,0,,4d6f7270682d3031,True,a363d1a2caafaf2f0a87eeaabc5ef48d330a1971c7358d2e0a69339e671a2eea,0.006133,,
H09-matrix.c,6a5f2b049a19ea0f49f3a53409703b691082972c8497a6cffe736079c46e2330,string,llvm_full_strip,llvm-objcopy --strip-all,preserve,preserve,True,0,,4d6f7270682d3031,True,5040bbf06ba875bef82ad23e93d9dfb3dbea92be12b6acf70a7202574fff54d1,0.006205,,
H09-matrix.c,6a5f2b049a19ea0f49f3a53409703b691082972c8497a6cffe736079c46e2330,string,gnu_section_remove,objcopy --remove-section .wmrec,preserve,preserve,True,0,,4d6f7270682d3031,True,7d549ce27ff5acdf9387da6824085a402429130ec565397bd28367f755eb2ef7,0.005416,,
H09-matrix.c,6a5f2b049a19ea0f49f3a53409703b691082972c8497a6cffe736079c46e2330,string,llvm_section_remove,llvm-objcopy --remove-section .wmrec,preserve,preserve,True,0,,4d6f7270682d3031,True,703a8be7f21575ce97bb0f4d3b1c9b79e5c906aa36a35ccd2815358896615a8d,0.006266,,
H09-matrix.c,6a5f2b049a19ea0f49f3a53409703b691082972c8497a6cffe736079c46e2330,symbol,relocate,copy,preserve,preserve,True,0,,4d6f7270682d3031,True,d029498bc33062cf93d900e9367959329718f1ac5a7429655a2d2fc631728c08,0.00579,,
H09-matrix.c,6a5f2b049a19ea0f49f3a53409703b691082972c8497a6cffe736079c46e2330,symbol,gnu_debug_strip,strip --strip-debug,preserve,preserve,True,0,,4d6f7270682d3031,True,cf0d01083d18c5471f31ce98bf01fac0e318586d996fac9b7b128802442174c0,0.008114,,
H09-matrix.c,6a5f2b049a19ea0f49f3a53409703b691082972c8497a6cffe736079c46e2330,symbol,llvm_debug_strip,llvm-objcopy --strip-debug,preserve,preserve,True,0,,4d6f7270682d3031,True,05415d6db3522ff85b8d87d2e304e9c6517143f6169e1c2b8ab90800f2950518,0.007087,,
H09-matrix.c,6a5f2b049a19ea0f49f3a53409703b691082972c8497a6cffe736079c46e2330,symbol,gnu_full_strip,strip --strip-all,reject,reject,True,0,absent,,False,d238ceef598ab7a83153597e50f41e1e8fa4a6018b2e99880dc778235ac37ae4,0.002832,,
H09-matrix.c,6a5f2b049a19ea0f49f3a53409703b691082972c8497a6cffe736079c46e2330,symbol,llvm_full_strip,llvm-objcopy --strip-all,reject,reject,True,0,absent,,False,55fc5ec3a19c42911f2324b51f5f79bfdaebeff79724c179eb30ab663f60a6cc,0.003191,,
H09-matrix.c,6a5f2b049a19ea0f49f3a53409703b691082972c8497a6cffe736079c46e2330,symbol,gnu_section_remove,objcopy --remove-section .wmrec,preserve,preserve,True,0,,4d6f7270682d3031,True,d029498bc33062cf93d900e9367959329718f1ac5a7429655a2d2fc631728c08,0.007924,,
H09-matrix.c,6a5f2b049a19ea0f49f3a53409703b691082972c8497a6cffe736079c46e2330,symbol,llvm_section_remove,llvm-objcopy --remove-section .wmrec,preserve,preserve,True,0,,4d6f7270682d3031,True,3e6142b8334b87cd6f33d44935bbcca8b3ac9377f973f25c8d00c7fef3eab94f,0.008963,,
H09-matrix.c,6a5f2b049a19ea0f49f3a53409703b691082972c8497a6cffe736079c46e2330,section,relocate,copy,preserve,preserve,True,0,,4d6f7270682d3031,True,d34f3db6babda0fd007e9e90389a27ca15acc030b9e6ce62e02fd5684472b918,0.006329,,
H09-matrix.c,6a5f2b049a19ea0f49f3a53409703b691082972c8497a6cffe736079c46e2330,section,gnu_debug_strip,strip --strip-debug,preserve,preserve,True,0,,4d6f7270682d3031,True,6fb993a8b96f57a2ed9d0d1dde6b67d07fa3ea98ae9aa80b001ccd96adc5fe54,0.007608,,
H09-matrix.c,6a5f2b049a19ea0f49f3a53409703b691082972c8497a6cffe736079c46e2330,section,llvm_debug_strip,llvm-objcopy --strip-debug,preserve,preserve,True,0,,4d6f7270682d3031,True,6fb993a8b96f57a2ed9d0d1dde6b67d07fa3ea98ae9aa80b001ccd96adc5fe54,0.009577,,
H09-matrix.c,6a5f2b049a19ea0f49f3a53409703b691082972c8497a6cffe736079c46e2330,section,gnu_full_strip,strip --strip-all,preserve,preserve,True,0,,4d6f7270682d3031,True,4d21985baefcb57e1cdbe2a2e94e7d7d956bcdf44be4f990796d977d0d7c80c5,0.008994,,
H09-matrix.c,6a5f2b049a19ea0f49f3a53409703b691082972c8497a6cffe736079c46e2330,section,llvm_full_strip,llvm-objcopy --strip-all,preserve,reject,False,0,absent,,False,baa21d3ace89bc26d5a58f9dfd49f0d9dc287192d1afa9b53a1ccbebfd79a62d,0.004765,,
H09-matrix.c,6a5f2b049a19ea0f49f3a53409703b691082972c8497a6cffe736079c46e2330,section,gnu_section_remove,objcopy --remove-section .wmrec,reject,reject,True,0,absent,,False,918a6b9f62117379ba2eaae7f82b0db9c5f4f56312c0e56bde52d09766d9719b,0.004001,,
H09-matrix.c,6a5f2b049a19ea0f49f3a53409703b691082972c8497a6cffe736079c46e2330,section,llvm_section_remove,llvm-objcopy --remove-section .wmrec,reject,reject,True,0,absent,,False,918a6b9f62117379ba2eaae7f82b0db9c5f4f56312c0e56bde52d09766d9719b,0.004216,,
H10-parser.c,a4904da4fdc7ab416e8490cb24d999f0d8ce953853d714ca5e2c048e4e33724c,string,relocate,copy,preserve,preserve,True,0,,4d6f7270682d3031,True,05e555602800bf7a32b43a829e9e19fcc24bb828e1c2be5a6ce2a1e86038731d,0.003881,,
H10-parser.c,a4904da4fdc7ab416e8490cb24d999f0d8ce953853d714ca5e2c048e4e33724c,string,gnu_debug_strip,strip --strip-debug,preserve,preserve,True,0,,4d6f7270682d3031,True,c68c87481d4dcc493468b7a0436710ee5233af8cce8c9e376d62ef038467c790,0.005302,,
H10-parser.c,a4904da4fdc7ab416e8490cb24d999f0d8ce953853d714ca5e2c048e4e33724c,string,llvm_debug_strip,llvm-objcopy --strip-debug,preserve,preserve,True,0,,4d6f7270682d3031,True,c7ec970b1511d1bc7a2a61d2cb44301491a816378475919e22e10c5f2c771643,0.006543,,
H10-parser.c,a4904da4fdc7ab416e8490cb24d999f0d8ce953853d714ca5e2c048e4e33724c,string,gnu_full_strip,strip --strip-all,preserve,preserve,True,0,,4d6f7270682d3031,True,a12e37fa0c034a8f3de2af38826ceafdf3328c6c23f77f8c4cfcb71930c4b819,0.006998,,
H10-parser.c,a4904da4fdc7ab416e8490cb24d999f0d8ce953853d714ca5e2c048e4e33724c,string,llvm_full_strip,llvm-objcopy --strip-all,preserve,preserve,True,0,,4d6f7270682d3031,True,43df11e1bcb68cddd7fab60f6dd46cb5e78e440bde2aa84d5adb688559a78e1a,0.007308,,
H10-parser.c,a4904da4fdc7ab416e8490cb24d999f0d8ce953853d714ca5e2c048e4e33724c,string,gnu_section_remove,objcopy --remove-section .wmrec,preserve,preserve,True,0,,4d6f7270682d3031,True,05e555602800bf7a32b43a829e9e19fcc24bb828e1c2be5a6ce2a1e86038731d,0.006703,,
H10-parser.c,a4904da4fdc7ab416e8490cb24d999f0d8ce953853d714ca5e2c048e4e33724c,string,llvm_section_remove,llvm-objcopy --remove-section .wmrec,preserve,preserve,True,0,,4d6f7270682d3031,True,e14993754933fb6b1327bc60519f6eefa6d3f76b3aaa341a45a03d96d33da6a6,0.006605,,
H10-parser.c,a4904da4fdc7ab416e8490cb24d999f0d8ce953853d714ca5e2c048e4e33724c,symbol,relocate,copy,preserve,preserve,True,0,,4d6f7270682d3031,True,70c4d2400e8c1b8a94869131f1fd60ac950692a8dcbe5b2aa2e55516ace2ddc6,0.005811,,
H10-parser.c,a4904da4fdc7ab416e8490cb24d999f0d8ce953853d714ca5e2c048e4e33724c,symbol,gnu_debug_strip,strip --strip-debug,preserve,preserve,True,0,,4d6f7270682d3031,True,014007ff6073b8bf742eae3ef1ff5edc1695b70f14108b34db2223cab281ce0e,0.007253,,
H10-parser.c,a4904da4fdc7ab416e8490cb24d999f0d8ce953853d714ca5e2c048e4e33724c,symbol,llvm_debug_strip,llvm-objcopy --strip-debug,preserve,preserve,True,0,,4d6f7270682d3031,True,6648106ac2f2771bdf38a0a51e42ec87936e100b221c63560ac1d2d8174d3763,0.007568,,
H10-parser.c,a4904da4fdc7ab416e8490cb24d999f0d8ce953853d714ca5e2c048e4e33724c,symbol,gnu_full_strip,strip --strip-all,reject,reject,True,0,absent,,False,90d2178649b8674f2cff4992040eace2f7019858e7c7483a885df8e6b752d4c2,0.002871,,
H10-parser.c,a4904da4fdc7ab416e8490cb24d999f0d8ce953853d714ca5e2c048e4e33724c,symbol,llvm_full_strip,llvm-objcopy --strip-all,reject,reject,True,0,absent,,False,a98772de97bb103f5b75e8b641f3cdbd243400539c5c853c6e4119cfefd76b5d,0.0038,,
H10-parser.c,a4904da4fdc7ab416e8490cb24d999f0d8ce953853d714ca5e2c048e4e33724c,symbol,gnu_section_remove,objcopy --remove-section .wmrec,preserve,preserve,True,0,,4d6f7270682d3031,True,70c4d2400e8c1b8a94869131f1fd60ac950692a8dcbe5b2aa2e55516ace2ddc6,0.006522,,
H10-parser.c,a4904da4fdc7ab416e8490cb24d999f0d8ce953853d714ca5e2c048e4e33724c,symbol,llvm_section_remove,llvm-objcopy --remove-section .wmrec,preserve,preserve,True,0,,4d6f7270682d3031,True,287311b7203ad55f29a31d4333bb676fc22e8edd9aadcc254085ac31718dc245,0.008081,,
H10-parser.c,a4904da4fdc7ab416e8490cb24d999f0d8ce953853d714ca5e2c048e4e33724c,section,relocate,copy,preserve,preserve,True,0,,4d6f7270682d3031,True,a0bfd0305f20eda929ab8cba0e18b9fb37912652d21c3087df34379c807e8955,0.005168,,
H10-parser.c,a4904da4fdc7ab416e8490cb24d999f0d8ce953853d714ca5e2c048e4e33724c,section,gnu_debug_strip,strip --strip-debug,preserve,preserve,True,0,,4d6f7270682d3031,True,efcbc464f872ba125b02871a9e0c013e367db0dc788f3eca3be978d447b699d6,0.007989,,
H10-parser.c,a4904da4fdc7ab416e8490cb24d999f0d8ce953853d714ca5e2c048e4e33724c,section,llvm_debug_strip,llvm-objcopy --strip-debug,preserve,preserve,True,0,,4d6f7270682d3031,True,efcbc464f872ba125b02871a9e0c013e367db0dc788f3eca3be978d447b699d6,0.007857,,
H10-parser.c,a4904da4fdc7ab416e8490cb24d999f0d8ce953853d714ca5e2c048e4e33724c,section,gnu_full_strip,strip --strip-all,preserve,preserve,True,0,,4d6f7270682d3031,True,289398c2b02ad10f6570f33f094f10913c16d9b611db0ae93913b8998a446996,0.007905,,
H10-parser.c,a4904da4fdc7ab416e8490cb24d999f0d8ce953853d714ca5e2c048e4e33724c,section,llvm_full_strip,llvm-objcopy --strip-all,preserve,reject,False,0,absent,,False,0573b1bf77ebb46ed5bb5b6b5abb7bd0d6f0ff45f311236284bdba49ddbceab6,0.004498,,
H10-parser.c,a4904da4fdc7ab416e8490cb24d999f0d8ce953853d714ca5e2c048e4e33724c,section,gnu_section_remove,objcopy --remove-section .wmrec,reject,reject,True,0,absent,,False,34c12301490879c64b005bdee70d1029412c99291657316687de742715341851,0.003157,,
H10-parser.c,a4904da4fdc7ab416e8490cb24d999f0d8ce953853d714ca5e2c048e4e33724c,section,llvm_section_remove,llvm-objcopy --remove-section .wmrec,reject,reject,True,0,absent,,False,34c12301490879c64b005bdee70d1029412c99291657316687de742715341851,0.004493,,
H11-popcount.c,8880e4292bf4fb3d805bf41dbc11fb0d41e1f60a65847c692325baf9c1965d74,string,relocate,copy,preserve,preserve,True,0,,4d6f7270682d3031,True,db86dc724ece3b8ac3e49a7b45cb172cab538e742cb26c51985e7d73c6a6583e,0.004549,,
H11-popcount.c,8880e4292bf4fb3d805bf41dbc11fb0d41e1f60a65847c692325baf9c1965d74,string,gnu_debug_strip,strip --strip-debug,preserve,preserve,True,0,,4d6f7270682d3031,True,eb879f354476e20db1934e68a27f83193e7413f5ace587d8d7d1c8e462c318fa,0.006067,,
H11-popcount.c,8880e4292bf4fb3d805bf41dbc11fb0d41e1f60a65847c692325baf9c1965d74,string,llvm_debug_strip,llvm-objcopy --strip-debug,preserve,preserve,True,0,,4d6f7270682d3031,True,246e7f176b6ac0e372e55f5d1de4a29c6339180c423f6c42dfbf4a4cf3e87f01,0.006141,,
H11-popcount.c,8880e4292bf4fb3d805bf41dbc11fb0d41e1f60a65847c692325baf9c1965d74,string,gnu_full_strip,strip --strip-all,preserve,preserve,True,0,,4d6f7270682d3031,True,9b0f078c7f82ee213ac791cc74293e89cb9397ef384f593f00ae2af7c9208132,0.005578,,
H11-popcount.c,8880e4292bf4fb3d805bf41dbc11fb0d41e1f60a65847c692325baf9c1965d74,string,llvm_full_strip,llvm-objcopy --strip-all,preserve,preserve,True,0,,4d6f7270682d3031,True,d99a9a531fa14c37ad29fa993ff65dc06e99a24d9943fdd30bc22b987d8ed80a,0.005616,,
H11-popcount.c,8880e4292bf4fb3d805bf41dbc11fb0d41e1f60a65847c692325baf9c1965d74,string,gnu_section_remove,objcopy --remove-section .wmrec,preserve,preserve,True,0,,4d6f7270682d3031,True,db86dc724ece3b8ac3e49a7b45cb172cab538e742cb26c51985e7d73c6a6583e,0.005361,,
H11-popcount.c,8880e4292bf4fb3d805bf41dbc11fb0d41e1f60a65847c692325baf9c1965d74,string,llvm_section_remove,llvm-objcopy --remove-section .wmrec,preserve,preserve,True,0,,4d6f7270682d3031,True,141fad5c0f49a40bbe38c79164d723657f5401507d310b36695374280425003d,0.006524,,
H11-popcount.c,8880e4292bf4fb3d805bf41dbc11fb0d41e1f60a65847c692325baf9c1965d74,symbol,relocate,copy,preserve,preserve,True,0,,4d6f7270682d3031,True,9ccfec8c7b2226ffa9122c9d0b948bdd4df4c838050d65d6b7920671ed37b98f,0.007609,,
H11-popcount.c,8880e4292bf4fb3d805bf41dbc11fb0d41e1f60a65847c692325baf9c1965d74,symbol,gnu_debug_strip,strip --strip-debug,preserve,preserve,True,0,,4d6f7270682d3031,True,c5020244c009565ff5e4e0ae8abb9c5f46dab6f91e3ff7f1cf10d70aa9d3e7c2,0.008323,,
H11-popcount.c,8880e4292bf4fb3d805bf41dbc11fb0d41e1f60a65847c692325baf9c1965d74,symbol,llvm_debug_strip,llvm-objcopy --strip-debug,preserve,preserve,True,0,,4d6f7270682d3031,True,fb19ff78897b407582d3787f40708c3fb9fe185ac9b3517f45abdf1a647a4b07,0.0082,,
H11-popcount.c,8880e4292bf4fb3d805bf41dbc11fb0d41e1f60a65847c692325baf9c1965d74,symbol,gnu_full_strip,strip --strip-all,reject,reject,True,0,absent,,False,da90529383093083199942cd8527ae6d005c9e431d85b2bc58f54d9a1bebcc2d,0.00277,,
H11-popcount.c,8880e4292bf4fb3d805bf41dbc11fb0d41e1f60a65847c692325baf9c1965d74,symbol,llvm_full_strip,llvm-objcopy --strip-all,reject,reject,True,0,absent,,False,848bf0e97f3a9b3a2a9b708ccd5b24039124d9ed21f83ed08cc40e7efe35971b,0.004748,,
H11-popcount.c,8880e4292bf4fb3d805bf41dbc11fb0d41e1f60a65847c692325baf9c1965d74,symbol,gnu_section_remove,objcopy --remove-section .wmrec,preserve,preserve,True,0,,4d6f7270682d3031,True,9ccfec8c7b2226ffa9122c9d0b948bdd4df4c838050d65d6b7920671ed37b98f,0.006753,,
H11-popcount.c,8880e4292bf4fb3d805bf41dbc11fb0d41e1f60a65847c692325baf9c1965d74,symbol,llvm_section_remove,llvm-objcopy --remove-section .wmrec,preserve,preserve,True,0,,4d6f7270682d3031,True,611021e5c9ad4760f8e52a05829969f6aab05ed136a01d94739a5d1067721095,0.008831,,
H11-popcount.c,8880e4292bf4fb3d805bf41dbc11fb0d41e1f60a65847c692325baf9c1965d74,section,relocate,copy,preserve,preserve,True,0,,4d6f7270682d3031,True,2e83cd8c3b7525a8f7300b53032b8b4be4dc51ba025ec3913d0b30c61a4ccacf,0.006482,,
H11-popcount.c,8880e4292bf4fb3d805bf41dbc11fb0d41e1f60a65847c692325baf9c1965d74,section,gnu_debug_strip,strip --strip-debug,preserve,preserve,True,0,,4d6f7270682d3031,True,433b603b09477a266e3e89a7dc61fa2f699b191b5f285fc796df072d6f003db6,0.007827,,
H11-popcount.c,8880e4292bf4fb3d805bf41dbc11fb0d41e1f60a65847c692325baf9c1965d74,section,llvm_debug_strip,llvm-objcopy --strip-debug,preserve,preserve,True,0,,4d6f7270682d3031,True,433b603b09477a266e3e89a7dc61fa2f699b191b5f285fc796df072d6f003db6,0.00818,,
H11-popcount.c,8880e4292bf4fb3d805bf41dbc11fb0d41e1f60a65847c692325baf9c1965d74,section,gnu_full_strip,strip --strip-all,preserve,preserve,True,0,,4d6f7270682d3031,True,1db7326a1a123744e603a76b5c1e7daef7528b2c446eca180bc48a37e3386f6e,0.006932,,
H11-popcount.c,8880e4292bf4fb3d805bf41dbc11fb0d41e1f60a65847c692325baf9c1965d74,section,llvm_full_strip,llvm-objcopy --strip-all,preserve,reject,False,0,absent,,False,692f29801ad62bb9010ae9237d227f594bcb288df5aa444a7355d77d2d7ea452,0.004448,,
H11-popcount.c,8880e4292bf4fb3d805bf41dbc11fb0d41e1f60a65847c692325baf9c1965d74,section,gnu_section_remove,objcopy --remove-section .wmrec,reject,reject,True,0,absent,,False,817372124824f3d496d321e423649f9595b280abb520d2a5212eb32bc1c7c517,0.003517,,
H11-popcount.c,8880e4292bf4fb3d805bf41dbc11fb0d41e1f60a65847c692325baf9c1965d74,section,llvm_section_remove,llvm-objcopy --remove-section .wmrec,reject,reject,True,0,absent,,False,817372124824f3d496d321e423649f9595b280abb520d2a5212eb32bc1c7c517,0.004748,,
H12-lcg.c,4b78026842a34a5cfb9c310023c11f715ffdd0fbbe9f2a28d1ef31a48ea7fec9,string,relocate,copy,preserve,preserve,True,0,,4d6f7270682d3031,True,d826cc710e7f85b1d584d99e0b775d6b2c590139a0e86d1d34292d7898c8d11b,0.003931,,
H12-lcg.c,4b78026842a34a5cfb9c310023c11f715ffdd0fbbe9f2a28d1ef31a48ea7fec9,string,gnu_debug_strip,strip --strip-debug,preserve,preserve,True,0,,4d6f7270682d3031,True,fa55ea75e288e626196cf4f8643300d7cd3679f8633101c5c66d6a2fe5319bdf,0.005918,,
H12-lcg.c,4b78026842a34a5cfb9c310023c11f715ffdd0fbbe9f2a28d1ef31a48ea7fec9,string,llvm_debug_strip,llvm-objcopy --strip-debug,preserve,preserve,True,0,,4d6f7270682d3031,True,be79f676da3141424730f10c0957b975371f29575d2e0038886c434d1653ad41,0.00677,,
H12-lcg.c,4b78026842a34a5cfb9c310023c11f715ffdd0fbbe9f2a28d1ef31a48ea7fec9,string,gnu_full_strip,strip --strip-all,preserve,preserve,True,0,,4d6f7270682d3031,True,48ae85e753b7a86273742aacf4c5d651f8d9b0d38a809b49abd9e408250394d0,0.005447,,
H12-lcg.c,4b78026842a34a5cfb9c310023c11f715ffdd0fbbe9f2a28d1ef31a48ea7fec9,string,llvm_full_strip,llvm-objcopy --strip-all,preserve,preserve,True,0,,4d6f7270682d3031,True,522623de6d68c6c73de5d4cdfe4fc048e035be322edf32d767db4dcf308c2f35,0.005971,,
H12-lcg.c,4b78026842a34a5cfb9c310023c11f715ffdd0fbbe9f2a28d1ef31a48ea7fec9,string,gnu_section_remove,objcopy --remove-section .wmrec,preserve,preserve,True,0,,4d6f7270682d3031,True,d826cc710e7f85b1d584d99e0b775d6b2c590139a0e86d1d34292d7898c8d11b,0.005297,,
H12-lcg.c,4b78026842a34a5cfb9c310023c11f715ffdd0fbbe9f2a28d1ef31a48ea7fec9,string,llvm_section_remove,llvm-objcopy --remove-section .wmrec,preserve,preserve,True,0,,4d6f7270682d3031,True,663be1a86a3e135ab4e99396391c319d082ae8ab5ce43ccfbc890659ec55c8f7,0.00606,,
H12-lcg.c,4b78026842a34a5cfb9c310023c11f715ffdd0fbbe9f2a28d1ef31a48ea7fec9,symbol,relocate,copy,preserve,preserve,True,0,,4d6f7270682d3031,True,15f05c3ed49d47b21c5f23e2cede0c335a91e1c05215fdbb31952eb5e4d36add,0.005555,,
H12-lcg.c,4b78026842a34a5cfb9c310023c11f715ffdd0fbbe9f2a28d1ef31a48ea7fec9,symbol,gnu_debug_strip,strip --strip-debug,preserve,preserve,True,0,,4d6f7270682d3031,True,4ce966221b8b3b312674ae82e30347b418ac528bed08024fdae66da2a0a72b29,0.006496,,
H12-lcg.c,4b78026842a34a5cfb9c310023c11f715ffdd0fbbe9f2a28d1ef31a48ea7fec9,symbol,llvm_debug_strip,llvm-objcopy --strip-debug,preserve,preserve,True,0,,4d6f7270682d3031,True,a922b9043491bdd705ceaba2b1e82292048537359c54ee14e984a840e4eb30ef,0.008322,,
H12-lcg.c,4b78026842a34a5cfb9c310023c11f715ffdd0fbbe9f2a28d1ef31a48ea7fec9,symbol,gnu_full_strip,strip --strip-all,reject,reject,True,0,absent,,False,f303146860a3fb0eb7219e3b5510da7fa9850509acb5630191d732eecc12cdd9,0.003156,,
H12-lcg.c,4b78026842a34a5cfb9c310023c11f715ffdd0fbbe9f2a28d1ef31a48ea7fec9,symbol,llvm_full_strip,llvm-objcopy --strip-all,reject,reject,True,0,absent,,False,709e75ce8193db83f399419cc4d4094bb1d37dd45d030a66367d9522db66adec,0.003863,,
H12-lcg.c,4b78026842a34a5cfb9c310023c11f715ffdd0fbbe9f2a28d1ef31a48ea7fec9,symbol,gnu_section_remove,objcopy --remove-section .wmrec,preserve,preserve,True,0,,4d6f7270682d3031,True,15f05c3ed49d47b21c5f23e2cede0c335a91e1c05215fdbb31952eb5e4d36add,0.007228,,
H12-lcg.c,4b78026842a34a5cfb9c310023c11f715ffdd0fbbe9f2a28d1ef31a48ea7fec9,symbol,llvm_section_remove,llvm-objcopy --remove-section .wmrec,preserve,preserve,True,0,,4d6f7270682d3031,True,1ff1b9c64cfd2fb3abcfb239606284e3cffe5c45d42c60aa3b11c0e002ef263a,0.008128,,
H12-lcg.c,4b78026842a34a5cfb9c310023c11f715ffdd0fbbe9f2a28d1ef31a48ea7fec9,section,relocate,copy,preserve,preserve,True,0,,4d6f7270682d3031,True,ccbd1919bd763e498c95f4125613ccd127ced15ea3bb39d0d526b71e04a48191,0.006398,,
H12-lcg.c,4b78026842a34a5cfb9c310023c11f715ffdd0fbbe9f2a28d1ef31a48ea7fec9,section,gnu_debug_strip,strip --strip-debug,preserve,preserve,True,0,,4d6f7270682d3031,True,b5a5e548c5e43586b8d89b174e869a29472e6569d8b9ba403d9318bf9ea64783,0.00757,,
H12-lcg.c,4b78026842a34a5cfb9c310023c11f715ffdd0fbbe9f2a28d1ef31a48ea7fec9,section,llvm_debug_strip,llvm-objcopy --strip-debug,preserve,preserve,True,0,,4d6f7270682d3031,True,b5a5e548c5e43586b8d89b174e869a29472e6569d8b9ba403d9318bf9ea64783,0.008606,,
H12-lcg.c,4b78026842a34a5cfb9c310023c11f715ffdd0fbbe9f2a28d1ef31a48ea7fec9,section,gnu_full_strip,strip --strip-all,preserve,preserve,True,0,,4d6f7270682d3031,True,e4d8943e47cf7cf603821c98d828912b042deb54e30a0eb63156af71fe9c5f90,0.007479,,
H12-lcg.c,4b78026842a34a5cfb9c310023c11f715ffdd0fbbe9f2a28d1ef31a48ea7fec9,section,llvm_full_strip,llvm-objcopy --strip-all,preserve,reject,False,0,absent,,False,564ff67a910fd1165acd072d694a3ddc9d5399c4b8719b7b222f03278a289203,0.004263,,
H12-lcg.c,4b78026842a34a5cfb9c310023c11f715ffdd0fbbe9f2a28d1ef31a48ea7fec9,section,gnu_section_remove,objcopy --remove-section .wmrec,reject,reject,True,0,absent,,False,6fb183a01700061aafafca5f586c2182c1ac01809518cf3e225de2a60c16c25e,0.003554,,
H12-lcg.c,4b78026842a34a5cfb9c310023c11f715ffdd0fbbe9f2a28d1ef31a48ea7fec9,section,llvm_section_remove,llvm-objcopy --remove-section .wmrec,reject,reject,True,0,absent,,False,6fb183a01700061aafafca5f586c2182c1ac01809518cf3e225de2a60c16c25e,0.004273,,
H13-zlib.c,3864196be46b044ec0d4d55ef5869353e1b78af212321b233eddfa5dd5f7890a,string,relocate,copy,preserve,preserve,True,0,,4d6f7270682d3031,True,34794b998ff0e5fa4a653ce2be13c6c08f869b0e100751e5861e677c4d54656d,0.004483,,
H13-zlib.c,3864196be46b044ec0d4d55ef5869353e1b78af212321b233eddfa5dd5f7890a,string,gnu_debug_strip,strip --strip-debug,preserve,preserve,True,0,,4d6f7270682d3031,True,6603707719be4c814cd2fa3af92386c3342d0cc7ee151490e7e912a4f65932c2,0.005232,,
H13-zlib.c,3864196be46b044ec0d4d55ef5869353e1b78af212321b233eddfa5dd5f7890a,string,llvm_debug_strip,llvm-objcopy --strip-debug,preserve,preserve,True,0,,4d6f7270682d3031,True,eb453fe43ddfdf86d6fdcea3b227da51452da88e1ade629800430eeeffc30d5f,0.005567,,
H13-zlib.c,3864196be46b044ec0d4d55ef5869353e1b78af212321b233eddfa5dd5f7890a,string,gnu_full_strip,strip --strip-all,preserve,preserve,True,0,,4d6f7270682d3031,True,bcf42e45f52304cf140a646700e18b1b20e963291359c6754aadfa675d2f9d1c,0.006356,,
H13-zlib.c,3864196be46b044ec0d4d55ef5869353e1b78af212321b233eddfa5dd5f7890a,string,llvm_full_strip,llvm-objcopy --strip-all,preserve,preserve,True,0,,4d6f7270682d3031,True,32a25017829eb2dc082db43ffc041c93e43e1e79518cd4679d5bfc6f3090d17b,0.006275,,
H13-zlib.c,3864196be46b044ec0d4d55ef5869353e1b78af212321b233eddfa5dd5f7890a,string,gnu_section_remove,objcopy --remove-section .wmrec,preserve,preserve,True,0,,4d6f7270682d3031,True,34794b998ff0e5fa4a653ce2be13c6c08f869b0e100751e5861e677c4d54656d,0.005919,,
H13-zlib.c,3864196be46b044ec0d4d55ef5869353e1b78af212321b233eddfa5dd5f7890a,string,llvm_section_remove,llvm-objcopy --remove-section .wmrec,preserve,preserve,True,0,,4d6f7270682d3031,True,c7769acaf6d18f75e71afeac972f92f578fc4e00ba15a61372592a5bc16e9836,0.007245,,
H13-zlib.c,3864196be46b044ec0d4d55ef5869353e1b78af212321b233eddfa5dd5f7890a,symbol,relocate,copy,preserve,preserve,True,0,,4d6f7270682d3031,True,e3f69dde752876b5a64ed2c5bc0fbdb77079b801725daabd5a4d3eeecb4047c2,0.005843,,
H13-zlib.c,3864196be46b044ec0d4d55ef5869353e1b78af212321b233eddfa5dd5f7890a,symbol,gnu_debug_strip,strip --strip-debug,preserve,preserve,True,0,,4d6f7270682d3031,True,03275d137d7438bba2ded2da96c24bd1b128e4762e776448aa60cebe1d093164,0.007013,,
H13-zlib.c,3864196be46b044ec0d4d55ef5869353e1b78af212321b233eddfa5dd5f7890a,symbol,llvm_debug_strip,llvm-objcopy --strip-debug,preserve,preserve,True,0,,4d6f7270682d3031,True,a40946a319644e8e0c119960320730cca44341f800675caaff0a4ff5ceea54a9,0.008587,,
H13-zlib.c,3864196be46b044ec0d4d55ef5869353e1b78af212321b233eddfa5dd5f7890a,symbol,gnu_full_strip,strip --strip-all,reject,reject,True,0,absent,,False,e912afe536f3b1bd2a43c6b17b4108c26283c883bafb929623b7d28348412e17,0.002982,,
H13-zlib.c,3864196be46b044ec0d4d55ef5869353e1b78af212321b233eddfa5dd5f7890a,symbol,llvm_full_strip,llvm-objcopy --strip-all,reject,reject,True,0,absent,,False,93056cf42cd8d6d8b473fe2a509c09021a9a0baa4c1977ce914db087495ddc13,0.003711,,
H13-zlib.c,3864196be46b044ec0d4d55ef5869353e1b78af212321b233eddfa5dd5f7890a,symbol,gnu_section_remove,objcopy --remove-section .wmrec,preserve,preserve,True,0,,4d6f7270682d3031,True,e3f69dde752876b5a64ed2c5bc0fbdb77079b801725daabd5a4d3eeecb4047c2,0.006982,,
H13-zlib.c,3864196be46b044ec0d4d55ef5869353e1b78af212321b233eddfa5dd5f7890a,symbol,llvm_section_remove,llvm-objcopy --remove-section .wmrec,preserve,preserve,True,0,,4d6f7270682d3031,True,77e3af66499d569911e382c9c47137897f21f1e142d07377c7190603da821d10,0.009643,,
H13-zlib.c,3864196be46b044ec0d4d55ef5869353e1b78af212321b233eddfa5dd5f7890a,section,relocate,copy,preserve,preserve,True,0,,4d6f7270682d3031,True,2184db772a1ca94109887fc45771c67bd582980d5e8a0d4d991b183ef24f960b,0.005329,,
H13-zlib.c,3864196be46b044ec0d4d55ef5869353e1b78af212321b233eddfa5dd5f7890a,section,gnu_debug_strip,strip --strip-debug,preserve,preserve,True,0,,4d6f7270682d3031,True,7a8622394e6689d8ee62ef686a798405d0d93c564dca523c45743b2ba8027dd0,0.007134,,
H13-zlib.c,3864196be46b044ec0d4d55ef5869353e1b78af212321b233eddfa5dd5f7890a,section,llvm_debug_strip,llvm-objcopy --strip-debug,preserve,preserve,True,0,,4d6f7270682d3031,True,7a8622394e6689d8ee62ef686a798405d0d93c564dca523c45743b2ba8027dd0,0.007415,,
H13-zlib.c,3864196be46b044ec0d4d55ef5869353e1b78af212321b233eddfa5dd5f7890a,section,gnu_full_strip,strip --strip-all,preserve,preserve,True,0,,4d6f7270682d3031,True,5e1bc69e80fd5a6914baf23321b5065f01bccd9ceba99a9ced9d431ebe46adef,0.00739,,
H13-zlib.c,3864196be46b044ec0d4d55ef5869353e1b78af212321b233eddfa5dd5f7890a,section,llvm_full_strip,llvm-objcopy --strip-all,preserve,reject,False,0,absent,,False,d7263a63b83179dccc50f39f6e8ae301e4095fa5fa045b8af48e854429630f6d,0.004488,,
H13-zlib.c,3864196be46b044ec0d4d55ef5869353e1b78af212321b233eddfa5dd5f7890a,section,gnu_section_remove,objcopy --remove-section .wmrec,reject,reject,True,0,absent,,False,c9f7ffe1ab2a0578736df43f250857edecd3db24e4d94ecdf471b919cb5905ec,0.003506,,
H13-zlib.c,3864196be46b044ec0d4d55ef5869353e1b78af212321b233eddfa5dd5f7890a,section,llvm_section_remove,llvm-objcopy --remove-section .wmrec,reject,reject,True,0,absent,,False,c9f7ffe1ab2a0578736df43f250857edecd3db24e4d94ecdf471b919cb5905ec,0.003669,,
H14-openssl.c,b098e72516816e3f8aa797daf5a95eb4c1a2f5f48677b938919164d69c3a91f3,string,relocate,copy,preserve,preserve,True,0,,4d6f7270682d3031,True,f5fd88578b56c05eb2e4492fe8540e10f6f375925d5133cc69bd7d0258b018fa,0.016572,,
H14-openssl.c,b098e72516816e3f8aa797daf5a95eb4c1a2f5f48677b938919164d69c3a91f3,string,gnu_debug_strip,strip --strip-debug,preserve,preserve,True,0,,4d6f7270682d3031,True,897b377de6f9909ba81bd58da77b84539d206c90fef07d483fe68db621bcc82a,0.017351,,
H14-openssl.c,b098e72516816e3f8aa797daf5a95eb4c1a2f5f48677b938919164d69c3a91f3,string,llvm_debug_strip,llvm-objcopy --strip-debug,preserve,preserve,True,0,,4d6f7270682d3031,True,f56e9cc9aba3ade3fafd9bdb29f75d5104901fd1b5bb91485947de38d9de0193,0.017888,,
H14-openssl.c,b098e72516816e3f8aa797daf5a95eb4c1a2f5f48677b938919164d69c3a91f3,string,gnu_full_strip,strip --strip-all,preserve,preserve,True,0,,4d6f7270682d3031,True,9cd4fe6b1481e4357b0fd3752e120404da89cc6bffa77c146d1f73a797be1f98,0.016753,,
H14-openssl.c,b098e72516816e3f8aa797daf5a95eb4c1a2f5f48677b938919164d69c3a91f3,string,llvm_full_strip,llvm-objcopy --strip-all,preserve,preserve,True,0,,4d6f7270682d3031,True,4658487ff36a15804364d2e63d51f62cb63161ed2406094aaf6491f1a1f81ad9,0.016836,,
H14-openssl.c,b098e72516816e3f8aa797daf5a95eb4c1a2f5f48677b938919164d69c3a91f3,string,gnu_section_remove,objcopy --remove-section .wmrec,preserve,preserve,True,0,,4d6f7270682d3031,True,f5fd88578b56c05eb2e4492fe8540e10f6f375925d5133cc69bd7d0258b018fa,0.016674,,
H14-openssl.c,b098e72516816e3f8aa797daf5a95eb4c1a2f5f48677b938919164d69c3a91f3,string,llvm_section_remove,llvm-objcopy --remove-section .wmrec,preserve,preserve,True,0,,4d6f7270682d3031,True,56cbbebf78808b763a0f3bc275c5a1e042217ba9f5faba800106f0531ed8ef27,0.018142,,
H14-openssl.c,b098e72516816e3f8aa797daf5a95eb4c1a2f5f48677b938919164d69c3a91f3,symbol,relocate,copy,preserve,preserve,True,0,,4d6f7270682d3031,True,aeee60bb2b440c5eb8b13482ac37b77dfb53df7ea9617d209b7404ab611ee66e,0.019941,,
H14-openssl.c,b098e72516816e3f8aa797daf5a95eb4c1a2f5f48677b938919164d69c3a91f3,symbol,gnu_debug_strip,strip --strip-debug,preserve,preserve,True,0,,4d6f7270682d3031,True,ecd5b23a1211a1abdcad307f748c4faac76e198778544f78a551e8819992c12d,0.021034,,
H14-openssl.c,b098e72516816e3f8aa797daf5a95eb4c1a2f5f48677b938919164d69c3a91f3,symbol,llvm_debug_strip,llvm-objcopy --strip-debug,preserve,preserve,True,0,,4d6f7270682d3031,True,3893e0ef7a7ced04948718563b15f38848bdad8101ac480e36eb1b548dd8edea,0.021044,,
H14-openssl.c,b098e72516816e3f8aa797daf5a95eb4c1a2f5f48677b938919164d69c3a91f3,symbol,gnu_full_strip,strip --strip-all,reject,reject,True,0,absent,,False,58ab04d66aba000608605d4b607b3287659cad4fb277ec6dda9978cca14f0741,0.003269,,
H14-openssl.c,b098e72516816e3f8aa797daf5a95eb4c1a2f5f48677b938919164d69c3a91f3,symbol,llvm_full_strip,llvm-objcopy --strip-all,reject,reject,True,0,absent,,False,cb1b9306c23362bf5e4e67da5217e0c0eb05c4ad9ba2c551920079ebd42d2107,0.005203,,
H14-openssl.c,b098e72516816e3f8aa797daf5a95eb4c1a2f5f48677b938919164d69c3a91f3,symbol,gnu_section_remove,objcopy --remove-section .wmrec,preserve,preserve,True,0,,4d6f7270682d3031,True,aeee60bb2b440c5eb8b13482ac37b77dfb53df7ea9617d209b7404ab611ee66e,0.01759,,
H14-openssl.c,b098e72516816e3f8aa797daf5a95eb4c1a2f5f48677b938919164d69c3a91f3,symbol,llvm_section_remove,llvm-objcopy --remove-section .wmrec,preserve,preserve,True,0,,4d6f7270682d3031,True,72d29f14c64a5e89f6daec72cfa5e0b0d6ad59fa15d76b4ffe340c83d860497f,0.018498,,
H14-openssl.c,b098e72516816e3f8aa797daf5a95eb4c1a2f5f48677b938919164d69c3a91f3,section,relocate,copy,preserve,preserve,True,0,,4d6f7270682d3031,True,4fbeb60cc68113091370915441ebafda3629a2a704b857211bef14d343fdea34,0.018223,,
H14-openssl.c,b098e72516816e3f8aa797daf5a95eb4c1a2f5f48677b938919164d69c3a91f3,section,gnu_debug_strip,strip --strip-debug,preserve,preserve,True,0,,4d6f7270682d3031,True,7374fdd8ef3e9c0bc937427d2cd9578ac207a88505c3f049ddf738380fa29785,0.020726,,
H14-openssl.c,b098e72516816e3f8aa797daf5a95eb4c1a2f5f48677b938919164d69c3a91f3,section,llvm_debug_strip,llvm-objcopy --strip-debug,preserve,preserve,True,0,,4d6f7270682d3031,True,7374fdd8ef3e9c0bc937427d2cd9578ac207a88505c3f049ddf738380fa29785,0.018697,,
H14-openssl.c,b098e72516816e3f8aa797daf5a95eb4c1a2f5f48677b938919164d69c3a91f3,section,gnu_full_strip,strip --strip-all,preserve,preserve,True,0,,4d6f7270682d3031,True,c62368762aac730f6aaa11f8638c07ac00fac7f2cb0628fdeb1dd28314680a3a,0.018107,,
H14-openssl.c,b098e72516816e3f8aa797daf5a95eb4c1a2f5f48677b938919164d69c3a91f3,section,llvm_full_strip,llvm-objcopy --strip-all,preserve,reject,False,0,absent,,False,d1457cfc4d41f03e73510b508784205de8516f5783c3b1eb9a558911696a22f0,0.004221,,
H14-openssl.c,b098e72516816e3f8aa797daf5a95eb4c1a2f5f48677b938919164d69c3a91f3,section,gnu_section_remove,objcopy --remove-section .wmrec,reject,reject,True,0,absent,,False,5883027e78fef45f91f3317b03dcbd86bf4ae5d29e6a0152d2c6a0b43541d2df,0.002963,,
H14-openssl.c,b098e72516816e3f8aa797daf5a95eb4c1a2f5f48677b938919164d69c3a91f3,section,llvm_section_remove,llvm-objcopy --remove-section .wmrec,reject,reject,True,0,absent,,False,5883027e78fef45f91f3317b03dcbd86bf4ae5d29e6a0152d2c6a0b43541d2df,0.003546,,
H15-sqlite.c,1151b24c2aa179a51400ea716bc049c5f335b786ac508c85d111ee6e02ead825,string,relocate,copy,preserve,preserve,True,0,,4d6f7270682d3031,True,7c765a2eef50e4d3a5824266bf66507f6b63da284087bc84b50994fb365e97b5,0.006913,,
H15-sqlite.c,1151b24c2aa179a51400ea716bc049c5f335b786ac508c85d111ee6e02ead825,string,gnu_debug_strip,strip --strip-debug,preserve,preserve,True,0,,4d6f7270682d3031,True,ddb862d3a578e2f9a1666384ea6b05483bd312f41c898f5797e9d27517f73cc0,0.0091,,
H15-sqlite.c,1151b24c2aa179a51400ea716bc049c5f335b786ac508c85d111ee6e02ead825,string,llvm_debug_strip,llvm-objcopy --strip-debug,preserve,preserve,True,0,,4d6f7270682d3031,True,5f02246e3442884cc8ceb7bc2a6c3f4c644f3081e21797ba7e6a6d4879425302,0.010163,,
H15-sqlite.c,1151b24c2aa179a51400ea716bc049c5f335b786ac508c85d111ee6e02ead825,string,gnu_full_strip,strip --strip-all,preserve,preserve,True,0,,4d6f7270682d3031,True,0abe3e5311689691c31d5e3899b8bfa93d670f0e938f120942079d6bce744409,0.008253,,
H15-sqlite.c,1151b24c2aa179a51400ea716bc049c5f335b786ac508c85d111ee6e02ead825,string,llvm_full_strip,llvm-objcopy --strip-all,preserve,preserve,True,0,,4d6f7270682d3031,True,619faebf24b5e4165b0a94d0fa0d1f69fb5b3867067c3f1b0eb1823c581d9520,0.008094,,
H15-sqlite.c,1151b24c2aa179a51400ea716bc049c5f335b786ac508c85d111ee6e02ead825,string,gnu_section_remove,objcopy --remove-section .wmrec,preserve,preserve,True,0,,4d6f7270682d3031,True,7c765a2eef50e4d3a5824266bf66507f6b63da284087bc84b50994fb365e97b5,0.007852,,
H15-sqlite.c,1151b24c2aa179a51400ea716bc049c5f335b786ac508c85d111ee6e02ead825,string,llvm_section_remove,llvm-objcopy --remove-section .wmrec,preserve,preserve,True,0,,4d6f7270682d3031,True,d890ab920b7198b8c4602c8759858496104dd0162279b5da7b1be6391d3f906b,0.007813,,
H15-sqlite.c,1151b24c2aa179a51400ea716bc049c5f335b786ac508c85d111ee6e02ead825,symbol,relocate,copy,preserve,preserve,True,0,,4d6f7270682d3031,True,a4bc75557cf8390550f92f83e54a83e2adde4b6814d6c440813957b6553c6128,0.009197,,
H15-sqlite.c,1151b24c2aa179a51400ea716bc049c5f335b786ac508c85d111ee6e02ead825,symbol,gnu_debug_strip,strip --strip-debug,preserve,preserve,True,0,,4d6f7270682d3031,True,ec858138b3773a3d16d1413a989f3b09e6afd6f3d93c5271d04a258eff60b34a,0.00855,,
H15-sqlite.c,1151b24c2aa179a51400ea716bc049c5f335b786ac508c85d111ee6e02ead825,symbol,llvm_debug_strip,llvm-objcopy --strip-debug,preserve,preserve,True,0,,4d6f7270682d3031,True,d1d2c906df9c3bea31acb99a70d76c491d92cb038335b94ea843dd8922198f9a,0.011198,,
H15-sqlite.c,1151b24c2aa179a51400ea716bc049c5f335b786ac508c85d111ee6e02ead825,symbol,gnu_full_strip,strip --strip-all,reject,reject,True,0,absent,,False,282ee120ca40efdcc5d70fa7a56c037d97e6cffe9c5227a0d912a73edccb7603,0.003193,,
H15-sqlite.c,1151b24c2aa179a51400ea716bc049c5f335b786ac508c85d111ee6e02ead825,symbol,llvm_full_strip,llvm-objcopy --strip-all,reject,reject,True,0,absent,,False,5f10fb9a1f3802bac55fc0a7f717ca5052ec3e5fd9cb0d54a6698fb5dfdefa70,0.003605,,
H15-sqlite.c,1151b24c2aa179a51400ea716bc049c5f335b786ac508c85d111ee6e02ead825,symbol,gnu_section_remove,objcopy --remove-section .wmrec,preserve,preserve,True,0,,4d6f7270682d3031,True,a4bc75557cf8390550f92f83e54a83e2adde4b6814d6c440813957b6553c6128,0.008825,,
H15-sqlite.c,1151b24c2aa179a51400ea716bc049c5f335b786ac508c85d111ee6e02ead825,symbol,llvm_section_remove,llvm-objcopy --remove-section .wmrec,preserve,preserve,True,0,,4d6f7270682d3031,True,c3140ef5b567548310680bc9e4aac9c7553120910389ac07da54aabaa6437625,0.010473,,
H15-sqlite.c,1151b24c2aa179a51400ea716bc049c5f335b786ac508c85d111ee6e02ead825,section,relocate,copy,preserve,preserve,True,0,,4d6f7270682d3031,True,4f8d8eb30e8b5f7f86895f1b9ac5d8d0b564e8bd376ca3580ae1494581a32f77,0.007126,,
H15-sqlite.c,1151b24c2aa179a51400ea716bc049c5f335b786ac508c85d111ee6e02ead825,section,gnu_debug_strip,strip --strip-debug,preserve,preserve,True,0,,4d6f7270682d3031,True,bfdb867328ac6f71f3de2093bc8c41f29383393d10ba9b4da476f2c316e52dd2,0.008129,,
H15-sqlite.c,1151b24c2aa179a51400ea716bc049c5f335b786ac508c85d111ee6e02ead825,section,llvm_debug_strip,llvm-objcopy --strip-debug,preserve,preserve,True,0,,4d6f7270682d3031,True,bfdb867328ac6f71f3de2093bc8c41f29383393d10ba9b4da476f2c316e52dd2,0.009439,,
H15-sqlite.c,1151b24c2aa179a51400ea716bc049c5f335b786ac508c85d111ee6e02ead825,section,gnu_full_strip,strip --strip-all,preserve,preserve,True,0,,4d6f7270682d3031,True,626051bf80e5a3c1577abf39e3c2437ed758ac8608a6a7f86a2b0c1774a82369,0.008713,,
H15-sqlite.c,1151b24c2aa179a51400ea716bc049c5f335b786ac508c85d111ee6e02ead825,section,llvm_full_strip,llvm-objcopy --strip-all,preserve,reject,False,0,absent,,False,d17995034fcc60fb699bc5dd7f54f707762ace3a872b64c1aef1fb06ea9ed2da,0.003408,,
H15-sqlite.c,1151b24c2aa179a51400ea716bc049c5f335b786ac508c85d111ee6e02ead825,section,gnu_section_remove,objcopy --remove-section .wmrec,reject,reject,True,0,absent,,False,2e30afeda937e4776cbfbeb962893cc4da6b757cf661e77777404f08df29f4ad,0.002821,,
H15-sqlite.c,1151b24c2aa179a51400ea716bc049c5f335b786ac508c85d111ee6e02ead825,section,llvm_section_remove,llvm-objcopy --remove-section .wmrec,reject,reject,True,0,absent,,False,2e30afeda937e4776cbfbeb962893cc4da6b757cf661e77777404f08df29f4ad,0.003558,,
H16-xml.c,ee54bbe498d5cb3fd610d8482f1233065b026e27b6facc2098b7decdddc58096,string,relocate,copy,preserve,preserve,True,0,,4d6f7270682d3031,True,ab22713680c5e0713aabb0bead1544c634cbcfd5c993fc97cefb546bf8d9f006,0.004559,,
H16-xml.c,ee54bbe498d5cb3fd610d8482f1233065b026e27b6facc2098b7decdddc58096,string,gnu_debug_strip,strip --strip-debug,preserve,preserve,True,0,,4d6f7270682d3031,True,4db95fdc6a6a4ceab95659b4b7c96bfb3a3ed8de1c5ebb0f6877a45d7c33985c,0.006324,,
H16-xml.c,ee54bbe498d5cb3fd610d8482f1233065b026e27b6facc2098b7decdddc58096,string,llvm_debug_strip,llvm-objcopy --strip-debug,preserve,preserve,True,0,,4d6f7270682d3031,True,4d8b616526540b3bed30070f2d59e2721c6fab8f2af236c5f06c5106df26104c,0.007155,,
H16-xml.c,ee54bbe498d5cb3fd610d8482f1233065b026e27b6facc2098b7decdddc58096,string,gnu_full_strip,strip --strip-all,preserve,preserve,True,0,,4d6f7270682d3031,True,4d3a08e3043167fe45a110283042a638a671fc7c68b2a433fdb41b7baa0dbdf5,0.006597,,
H16-xml.c,ee54bbe498d5cb3fd610d8482f1233065b026e27b6facc2098b7decdddc58096,string,llvm_full_strip,llvm-objcopy --strip-all,preserve,preserve,True,0,,4d6f7270682d3031,True,cebc8f58adb125b0cfc2fc91d8963915ade41453767f8263dfffd6ecf20e7ab9,0.00635,,
H16-xml.c,ee54bbe498d5cb3fd610d8482f1233065b026e27b6facc2098b7decdddc58096,string,gnu_section_remove,objcopy --remove-section .wmrec,preserve,preserve,True,0,,4d6f7270682d3031,True,ab22713680c5e0713aabb0bead1544c634cbcfd5c993fc97cefb546bf8d9f006,0.006093,,
H16-xml.c,ee54bbe498d5cb3fd610d8482f1233065b026e27b6facc2098b7decdddc58096,string,llvm_section_remove,llvm-objcopy --remove-section .wmrec,preserve,preserve,True,0,,4d6f7270682d3031,True,336d623c06b66c792d8425273072babab865d1c8a3f27e896459130621ee7600,0.006307,,
H16-xml.c,ee54bbe498d5cb3fd610d8482f1233065b026e27b6facc2098b7decdddc58096,symbol,relocate,copy,preserve,preserve,True,0,,4d6f7270682d3031,True,3ae55b61e8d642d4d8c163af8719b4266007f68f8859a8f63f87158282712401,0.006635,,
H16-xml.c,ee54bbe498d5cb3fd610d8482f1233065b026e27b6facc2098b7decdddc58096,symbol,gnu_debug_strip,strip --strip-debug,preserve,preserve,True,0,,4d6f7270682d3031,True,7bdd152d71929963f42f1ff6a2a536d8d0c086b11ae404c12b20b87c084f5a52,0.00836,,
H16-xml.c,ee54bbe498d5cb3fd610d8482f1233065b026e27b6facc2098b7decdddc58096,symbol,llvm_debug_strip,llvm-objcopy --strip-debug,preserve,preserve,True,0,,4d6f7270682d3031,True,4327f41134882a4e0d47f31d57e5d985b1702bf1567fb94c3b75e39e8a91a36f,0.008599,,
H16-xml.c,ee54bbe498d5cb3fd610d8482f1233065b026e27b6facc2098b7decdddc58096,symbol,gnu_full_strip,strip --strip-all,reject,reject,True,0,absent,,False,f7c04400a2adb3987e79f853be738a95b239f33f068b9ff39bb6754ba0dd2971,0.002771,,
H16-xml.c,ee54bbe498d5cb3fd610d8482f1233065b026e27b6facc2098b7decdddc58096,symbol,llvm_full_strip,llvm-objcopy --strip-all,reject,reject,True,0,absent,,False,d45074e71d3df0780ad081720fb2954c12bef668eceadc74542c2896a18d8568,0.002922,,
H16-xml.c,ee54bbe498d5cb3fd610d8482f1233065b026e27b6facc2098b7decdddc58096,symbol,gnu_section_remove,objcopy --remove-section .wmrec,preserve,preserve,True,0,,4d6f7270682d3031,True,3ae55b61e8d642d4d8c163af8719b4266007f68f8859a8f63f87158282712401,0.00744,,
H16-xml.c,ee54bbe498d5cb3fd610d8482f1233065b026e27b6facc2098b7decdddc58096,symbol,llvm_section_remove,llvm-objcopy --remove-section .wmrec,preserve,preserve,True,0,,4d6f7270682d3031,True,895b89e297cfaf32847d7e5dc2bc9c182196423e1834154730e28d10de72623e,0.009025,,
H16-xml.c,ee54bbe498d5cb3fd610d8482f1233065b026e27b6facc2098b7decdddc58096,section,relocate,copy,preserve,preserve,True,0,,4d6f7270682d3031,True,816cfd095244c872b6e054ecf53a9ed08186a9646d588142911238f6eed5fba3,0.006651,,
H16-xml.c,ee54bbe498d5cb3fd610d8482f1233065b026e27b6facc2098b7decdddc58096,section,gnu_debug_strip,strip --strip-debug,preserve,preserve,True,0,,4d6f7270682d3031,True,effe733ac98af9aac332a70199a94ef7ad223edd21644e5ee7f4993b245b9358,0.00777,,
H16-xml.c,ee54bbe498d5cb3fd610d8482f1233065b026e27b6facc2098b7decdddc58096,section,llvm_debug_strip,llvm-objcopy --strip-debug,preserve,preserve,True,0,,4d6f7270682d3031,True,effe733ac98af9aac332a70199a94ef7ad223edd21644e5ee7f4993b245b9358,0.008999,,
H16-xml.c,ee54bbe498d5cb3fd610d8482f1233065b026e27b6facc2098b7decdddc58096,section,gnu_full_strip,strip --strip-all,preserve,preserve,True,0,,4d6f7270682d3031,True,511c2c6bec723d4a1d5552d2c9895aa34e4a06799943090341a664a36000f584,0.007378,,
H16-xml.c,ee54bbe498d5cb3fd610d8482f1233065b026e27b6facc2098b7decdddc58096,section,llvm_full_strip,llvm-objcopy --strip-all,preserve,reject,False,0,absent,,False,728872215eda4064be785564d3d90781fc1e6059f5f21737aea1f9f875c2ea71,0.003563,,
H16-xml.c,ee54bbe498d5cb3fd610d8482f1233065b026e27b6facc2098b7decdddc58096,section,gnu_section_remove,objcopy --remove-section .wmrec,reject,reject,True,0,absent,,False,4edd71039f43eb0b0af913afc0b2385a444d83c79c96839de5a6bd2c081f02ca,0.002625,,
H16-xml.c,ee54bbe498d5cb3fd610d8482f1233065b026e27b6facc2098b7decdddc58096,section,llvm_section_remove,llvm-objcopy --remove-section .wmrec,reject,reject,True,0,absent,,False,4edd71039f43eb0b0af913afc0b2385a444d83c79c96839de5a6bd2c081f02ca,0.002916,,
H17-json.c,aecf3f4e7cf29e00c3eeeabb622161e2725e93c3ebd07e5c7e716225420af03a,string,relocate,copy,preserve,preserve,True,0,,4d6f7270682d3031,True,ad9c11a9a767ef4b4222cfd935d3c13f3105f815df6d4beb6a22fbb864f1717e,0.003651,,
H17-json.c,aecf3f4e7cf29e00c3eeeabb622161e2725e93c3ebd07e5c7e716225420af03a,string,gnu_debug_strip,strip --strip-debug,preserve,preserve,True,0,,4d6f7270682d3031,True,79dbf6b5dedc6cefa718b3ef1bb3210c066fd67a44384cbbd2684fddc461f87e,0.005073,,
H17-json.c,aecf3f4e7cf29e00c3eeeabb622161e2725e93c3ebd07e5c7e716225420af03a,string,llvm_debug_strip,llvm-objcopy --strip-debug,preserve,preserve,True,0,,4d6f7270682d3031,True,3bd0afe6c45b16cf41251b581210c7ae1cf65a71512237ad9d94f0f79342474a,0.005631,,
H17-json.c,aecf3f4e7cf29e00c3eeeabb622161e2725e93c3ebd07e5c7e716225420af03a,string,gnu_full_strip,strip --strip-all,preserve,preserve,True,0,,4d6f7270682d3031,True,20d2089922b83a7385421e023322c1c6d8b4125db1a703ae0e768967f741e03a,0.004817,,
H17-json.c,aecf3f4e7cf29e00c3eeeabb622161e2725e93c3ebd07e5c7e716225420af03a,string,llvm_full_strip,llvm-objcopy --strip-all,preserve,preserve,True,0,,4d6f7270682d3031,True,18744147ca121df8e64556bdb50946a58924ad62a9c4339af3bb3079d0d2a1c3,0.005763,,
H17-json.c,aecf3f4e7cf29e00c3eeeabb622161e2725e93c3ebd07e5c7e716225420af03a,string,gnu_section_remove,objcopy --remove-section .wmrec,preserve,preserve,True,0,,4d6f7270682d3031,True,ad9c11a9a767ef4b4222cfd935d3c13f3105f815df6d4beb6a22fbb864f1717e,0.004929,,
H17-json.c,aecf3f4e7cf29e00c3eeeabb622161e2725e93c3ebd07e5c7e716225420af03a,string,llvm_section_remove,llvm-objcopy --remove-section .wmrec,preserve,preserve,True,0,,4d6f7270682d3031,True,0ebaa44107dfe71858855f3bf0bc13f623a8896e48b4228e3b1bf4b4cc3e9619,0.005153,,
H17-json.c,aecf3f4e7cf29e00c3eeeabb622161e2725e93c3ebd07e5c7e716225420af03a,symbol,relocate,copy,preserve,preserve,True,0,,4d6f7270682d3031,True,a72335aad7879a817362be6f7257c6319030d2066ae0fa782b3ba8dc57366255,0.004706,,
H17-json.c,aecf3f4e7cf29e00c3eeeabb622161e2725e93c3ebd07e5c7e716225420af03a,symbol,gnu_debug_strip,strip --strip-debug,preserve,preserve,True,0,,4d6f7270682d3031,True,c2c877d737f7da008cfd5d8b870ed02620df1a42dfc11f075d948ec01fa4489f,0.005619,,
H17-json.c,aecf3f4e7cf29e00c3eeeabb622161e2725e93c3ebd07e5c7e716225420af03a,symbol,llvm_debug_strip,llvm-objcopy --strip-debug,preserve,preserve,True,0,,4d6f7270682d3031,True,5f80029c128d33addb582febfcea622d13c706f1f71dbb814ac24702204b051c,0.006721,,
H17-json.c,aecf3f4e7cf29e00c3eeeabb622161e2725e93c3ebd07e5c7e716225420af03a,symbol,gnu_full_strip,strip --strip-all,reject,reject,True,0,absent,,False,8780c3765c7492db8cb882047d2687c2481f42b841e1b0ab3c636fb2ebc5a808,0.002467,,
H17-json.c,aecf3f4e7cf29e00c3eeeabb622161e2725e93c3ebd07e5c7e716225420af03a,symbol,llvm_full_strip,llvm-objcopy --strip-all,reject,reject,True,0,absent,,False,964682ea5688da57337cfaa01057f9a876477f9c4a5e6fb7c051d9bbb8fd557a,0.003286,,
H17-json.c,aecf3f4e7cf29e00c3eeeabb622161e2725e93c3ebd07e5c7e716225420af03a,symbol,gnu_section_remove,objcopy --remove-section .wmrec,preserve,preserve,True,0,,4d6f7270682d3031,True,a72335aad7879a817362be6f7257c6319030d2066ae0fa782b3ba8dc57366255,0.00587,,
H17-json.c,aecf3f4e7cf29e00c3eeeabb622161e2725e93c3ebd07e5c7e716225420af03a,symbol,llvm_section_remove,llvm-objcopy --remove-section .wmrec,preserve,preserve,True,0,,4d6f7270682d3031,True,ac08aa5d1d97e1e8f2ee4486f62a56111293adf345b02eb74989d3f7cc9114be,0.006335,,
H17-json.c,aecf3f4e7cf29e00c3eeeabb622161e2725e93c3ebd07e5c7e716225420af03a,section,relocate,copy,preserve,preserve,True,0,,4d6f7270682d3031,True,c87892914f63b1a60f6046cda5a99d1e1da20d5d5449bcb1e463b3d28bd7cf76,0.005005,,
H17-json.c,aecf3f4e7cf29e00c3eeeabb622161e2725e93c3ebd07e5c7e716225420af03a,section,gnu_debug_strip,strip --strip-debug,preserve,preserve,True,0,,4d6f7270682d3031,True,ff3f20d1cbfc6790d797ea9059b3ab9e9fc66cfe858380192616c17a8ba1477d,0.006061,,
H17-json.c,aecf3f4e7cf29e00c3eeeabb622161e2725e93c3ebd07e5c7e716225420af03a,section,llvm_debug_strip,llvm-objcopy --strip-debug,preserve,preserve,True,0,,4d6f7270682d3031,True,ff3f20d1cbfc6790d797ea9059b3ab9e9fc66cfe858380192616c17a8ba1477d,0.006794,,
H17-json.c,aecf3f4e7cf29e00c3eeeabb622161e2725e93c3ebd07e5c7e716225420af03a,section,gnu_full_strip,strip --strip-all,preserve,preserve,True,0,,4d6f7270682d3031,True,bb917aeba670896e2c06c53eb0a35ac1076a9bdaa4456bed1934fd3a85e8a669,0.006221,,
H17-json.c,aecf3f4e7cf29e00c3eeeabb622161e2725e93c3ebd07e5c7e716225420af03a,section,llvm_full_strip,llvm-objcopy --strip-all,preserve,reject,False,0,absent,,False,a42ad78317d9b9a88a8a36534349b629da23a362876447223f834342b61fd102,0.003586,,
H17-json.c,aecf3f4e7cf29e00c3eeeabb622161e2725e93c3ebd07e5c7e716225420af03a,section,gnu_section_remove,objcopy --remove-section .wmrec,reject,reject,True,0,absent,,False,c6b92779ce9b749df25bf42c624bca5acf4d3412b6e07324a5c574940bd56299,0.002427,,
H17-json.c,aecf3f4e7cf29e00c3eeeabb622161e2725e93c3ebd07e5c7e716225420af03a,section,llvm_section_remove,llvm-objcopy --remove-section .wmrec,reject,reject,True,0,absent,,False,c6b92779ce9b749df25bf42c624bca5acf4d3412b6e07324a5c574940bd56299,0.002992,,
H18-png.c,3820839cecd045f3a2eda8317c29e52bc6d1154d3a824dc169545b4faecc7060,string,relocate,copy,preserve,preserve,True,0,,4d6f7270682d3031,True,6a822d2b3854395b1473a1328c6280c010e8bbdc65a6cb95cd9c5f0a7de62696,0.004712,,
H18-png.c,3820839cecd045f3a2eda8317c29e52bc6d1154d3a824dc169545b4faecc7060,string,gnu_debug_strip,strip --strip-debug,preserve,preserve,True,0,,4d6f7270682d3031,True,6e7ad53bfb8286d391102006fe67b3a600f19d0bd6df26cbb88ac3f6c01decbf,0.006013,,
H18-png.c,3820839cecd045f3a2eda8317c29e52bc6d1154d3a824dc169545b4faecc7060,string,llvm_debug_strip,llvm-objcopy --strip-debug,preserve,preserve,True,0,,4d6f7270682d3031,True,ea269615e940a1e36b0c2b7947571963a7b572ac330a29b4edc5ca65f018df92,0.006909,,
H18-png.c,3820839cecd045f3a2eda8317c29e52bc6d1154d3a824dc169545b4faecc7060,string,gnu_full_strip,strip --strip-all,preserve,preserve,True,0,,4d6f7270682d3031,True,28486012b12fdb3c380e44bbb821937f112e56a9c1392cf2ba763212f8341ee0,0.006285,,
H18-png.c,3820839cecd045f3a2eda8317c29e52bc6d1154d3a824dc169545b4faecc7060,string,llvm_full_strip,llvm-objcopy --strip-all,preserve,preserve,True,0,,4d6f7270682d3031,True,241884da8c721e7a13dc4b0b455068b4ea2e57ed1d25b51176955f5e3b7d9a6b,0.006868,,
H18-png.c,3820839cecd045f3a2eda8317c29e52bc6d1154d3a824dc169545b4faecc7060,string,gnu_section_remove,objcopy --remove-section .wmrec,preserve,preserve,True,0,,4d6f7270682d3031,True,6a822d2b3854395b1473a1328c6280c010e8bbdc65a6cb95cd9c5f0a7de62696,0.006054,,
H18-png.c,3820839cecd045f3a2eda8317c29e52bc6d1154d3a824dc169545b4faecc7060,string,llvm_section_remove,llvm-objcopy --remove-section .wmrec,preserve,preserve,True,0,,4d6f7270682d3031,True,e09a627fcaddd6d07806ad3608c9e8072a7001469e60c98a55d010e36a6ebd88,0.006769,,
H18-png.c,3820839cecd045f3a2eda8317c29e52bc6d1154d3a824dc169545b4faecc7060,symbol,relocate,copy,preserve,preserve,True,0,,4d6f7270682d3031,True,956b1f99096d257124dccc5188424120a2dce54e21cbfa73869540f8002956f3,0.006001,,
H18-png.c,3820839cecd045f3a2eda8317c29e52bc6d1154d3a824dc169545b4faecc7060,symbol,gnu_debug_strip,strip --strip-debug,preserve,preserve,True,0,,4d6f7270682d3031,True,577639b5db634b69e32e93786808138c111f2c2b8e4f8584b73809947210cf4d,0.007215,,
H18-png.c,3820839cecd045f3a2eda8317c29e52bc6d1154d3a824dc169545b4faecc7060,symbol,llvm_debug_strip,llvm-objcopy --strip-debug,preserve,preserve,True,0,,4d6f7270682d3031,True,bd91bbf5e576291c9659bd75e1a21e86ad674e9c0493ed4f0e024f2703bdcd6e,0.00766,,
H18-png.c,3820839cecd045f3a2eda8317c29e52bc6d1154d3a824dc169545b4faecc7060,symbol,gnu_full_strip,strip --strip-all,reject,reject,True,0,absent,,False,0f21c60cf287c43eb0051d3b353073ef1214adf2bb7996caca98447315db6571,0.002818,,
H18-png.c,3820839cecd045f3a2eda8317c29e52bc6d1154d3a824dc169545b4faecc7060,symbol,llvm_full_strip,llvm-objcopy --strip-all,reject,reject,True,0,absent,,False,7dcef89097c7d8993bd768d23c4a56d7b813484af0c0e9b76ec3e55364530df3,0.003526,,
H18-png.c,3820839cecd045f3a2eda8317c29e52bc6d1154d3a824dc169545b4faecc7060,symbol,gnu_section_remove,objcopy --remove-section .wmrec,preserve,preserve,True,0,,4d6f7270682d3031,True,956b1f99096d257124dccc5188424120a2dce54e21cbfa73869540f8002956f3,0.007614,,
H18-png.c,3820839cecd045f3a2eda8317c29e52bc6d1154d3a824dc169545b4faecc7060,symbol,llvm_section_remove,llvm-objcopy --remove-section .wmrec,preserve,preserve,True,0,,4d6f7270682d3031,True,2f1d108b638a3db76c8ce60a7ac22046b2eb5103f72d89d836ea1dfa07ce6ca9,0.007697,,
H18-png.c,3820839cecd045f3a2eda8317c29e52bc6d1154d3a824dc169545b4faecc7060,section,relocate,copy,preserve,preserve,True,0,,4d6f7270682d3031,True,436838f76a450736553f1966cfc07e18fd9d9f3b8685a8d9b5d9aa0c5efc451f,0.005693,,
H18-png.c,3820839cecd045f3a2eda8317c29e52bc6d1154d3a824dc169545b4faecc7060,section,gnu_debug_strip,strip --strip-debug,preserve,preserve,True,0,,4d6f7270682d3031,True,3806b20f1c0fa45f2f97edc585b1f8ddd39c786ea7df4dfbf929444460780c42,0.007011,,
H18-png.c,3820839cecd045f3a2eda8317c29e52bc6d1154d3a824dc169545b4faecc7060,section,llvm_debug_strip,llvm-objcopy --strip-debug,preserve,preserve,True,0,,4d6f7270682d3031,True,3806b20f1c0fa45f2f97edc585b1f8ddd39c786ea7df4dfbf929444460780c42,0.007479,,
H18-png.c,3820839cecd045f3a2eda8317c29e52bc6d1154d3a824dc169545b4faecc7060,section,gnu_full_strip,strip --strip-all,preserve,preserve,True,0,,4d6f7270682d3031,True,341ae04df35b0aa5db50f6cbc248dde670d32d45403bd306efbc0f61fcc8e82f,0.00637,,
H18-png.c,3820839cecd045f3a2eda8317c29e52bc6d1154d3a824dc169545b4faecc7060,section,llvm_full_strip,llvm-objcopy --strip-all,preserve,reject,False,0,absent,,False,205cad396a345b085d0a63b3793d947ef7f1ef1c9b0205058e1d4362286a1e04,0.003302,,
H18-png.c,3820839cecd045f3a2eda8317c29e52bc6d1154d3a824dc169545b4faecc7060,section,gnu_section_remove,objcopy --remove-section .wmrec,reject,reject,True,0,absent,,False,b16a7d09fff31113e3398703329238dd2a8fc0e9f419a4ac539ee563b05eaa56,0.003098,,
H18-png.c,3820839cecd045f3a2eda8317c29e52bc6d1154d3a824dc169545b4faecc7060,section,llvm_section_remove,llvm-objcopy --remove-section .wmrec,reject,reject,True,0,absent,,False,b16a7d09fff31113e3398703329238dd2a8fc0e9f419a4ac539ee563b05eaa56,0.003326,,
