host,carrier,operation,obligation_scope,host_execution_observed,host_output_equal,expected,observed,error_kind
H01-gcd.c,string,relocate,PRESERVATION_VERIFIED,true,True,preserve,preserve,
H01-gcd.c,string,gnu_debug_strip,PRESERVATION_VERIFIED,true,True,preserve,preserve,
H01-gcd.c,string,llvm_debug_strip,PRESERVATION_VERIFIED,true,True,preserve,preserve,
H01-gcd.c,string,gnu_full_strip,PRESERVATION_VERIFIED,true,True,preserve,preserve,
H01-gcd.c,string,llvm_full_strip,PRESERVATION_VERIFIED,true,True,preserve,preserve,
H01-gcd.c,string,gnu_section_remove,PRESERVATION_VERIFIED,true,True,preserve,preserve,
H01-gcd.c,string,llvm_section_remove,PRESERVATION_VERIFIED,true,True,preserve,preserve,
H01-gcd.c,symbol,relocate,PRESERVATION_VERIFIED,true,True,preserve,preserve,
H01-gcd.c,symbol,gnu_debug_strip,PRESERVATION_VERIFIED,true,True,preserve,preserve,
H01-gcd.c,symbol,llvm_debug_strip,PRESERVATION_VERIFIED,true,True,preserve,preserve,
H01-gcd.c,symbol,gnu_full_strip,REJECTION_ONLY,false,UNOBSERVED,reject,reject,absent
H01-gcd.c,symbol,llvm_full_strip,REJECTION_ONLY,false,UNOBSERVED,reject,reject,absent
H01-gcd.c,symbol,gnu_section_remove,PRESERVATION_VERIFIED,true,True,preserve,preserve,
H01-gcd.c,symbol,llvm_section_remove,PRESERVATION_VERIFIED,true,True,preserve,preserve,
H01-gcd.c,section,relocate,PRESERVATION_VERIFIED,true,True,preserve,preserve,
H01-gcd.c,section,gnu_debug_strip,PRESERVATION_VERIFIED,true,True,preserve,preserve,
H01-gcd.c,section,llvm_debug_strip,PRESERVATION_VERIFIED,true,True,preserve,preserve,
H01-gcd.c,section,gnu_full_strip,PRESERVATION_VERIFIED,true,True,preserve,preserve,
H01-gcd.c,section,llvm_full_strip,INCOMPATIBLE,false,UNOBSERVED,preserve,reject,absent
H01-gcd.c,section,gnu_section_remove,REJECTION_ONLY,false,UNOBSERVED,reject,reject,absent
H01-gcd.c,section,llvm_section_remove,REJECTION_ONLY,false,UNOBSERVED,reject,reject,absent
H02-fibonacci.c,string,relocate,PRESERVATION_VERIFIED,true,True,preserve,preserve,
H02-fibonacci.c,string,gnu_debug_strip,PRESERVATION_VERIFIED,true,True,preserve,preserve,
H02-fibonacci.c,string,llvm_debug_strip,PRESERVATION_VERIFIED,true,True,preserve,preserve,
H02-fibonacci.c,string,gnu_full_strip,PRESERVATION_VERIFIED,true,True,preserve,preserve,
H02-fibonacci.c,string,llvm_full_strip,PRESERVATION_VERIFIED,true,True,preserve,preserve,
H02-fibonacci.c,string,gnu_section_remove,PRESERVATION_VERIFIED,true,True,preserve,preserve,
H02-fibonacci.c,string,llvm_section_remove,PRESERVATION_VERIFIED,true,True,preserve,preserve,
H02-fibonacci.c,symbol,relocate,PRESERVATION_VERIFIED,true,True,preserve,preserve,
H02-fibonacci.c,symbol,gnu_debug_strip,PRESERVATION_VERIFIED,true,True,preserve,preserve,
H02-fibonacci.c,symbol,llvm_debug_strip,PRESERVATION_VERIFIED,true,True,preserve,preserve,
H02-fibonacci.c,symbol,gnu_full_strip,REJECTION_ONLY,false,UNOBSERVED,reject,reject,absent
H02-fibonacci.c,symbol,llvm_full_strip,REJECTION_ONLY,false,UNOBSERVED,reject,reject,absent
H02-fibonacci.c,symbol,gnu_section_remove,PRESERVATION_VERIFIED,true,True,preserve,preserve,
H02-fibonacci.c,symbol,llvm_section_remove,PRESERVATION_VERIFIED,true,True,preserve,preserve,
H02-fibonacci.c,section,relocate,PRESERVATION_VERIFIED,true,True,preserve,preserve,
H02-fibonacci.c,section,gnu_debug_strip,PRESERVATION_VERIFIED,true,True,preserve,preserve,
H02-fibonacci.c,section,llvm_debug_strip,PRESERVATION_VERIFIED,true,True,preserve,preserve,
H02-fibonacci.c,section,gnu_full_strip,PRESERVATION_VERIFIED,true,True,preserve,preserve,
H02-fibonacci.c,section,llvm_full_strip,INCOMPATIBLE,false,UNOBSERVED,preserve,reject,absent
H02-fibonacci.c,section,gnu_section_remove,REJECTION_ONLY,false,UNOBSERVED,reject,reject,absent
H02-fibonacci.c,section,llvm_section_remove,REJECTION_ONLY,false,UNOBSERVED,reject,reject,absent
H03-bitmix.c,string,relocate,PRESERVATION_VERIFIED,true,True,preserve,preserve,
H03-bitmix.c,string,gnu_debug_strip,PRESERVATION_VERIFIED,true,True,preserve,preserve,
H03-bitmix.c,string,llvm_debug_strip,PRESERVATION_VERIFIED,true,True,preserve,preserve,
H03-bitmix.c,string,gnu_full_strip,PRESERVATION_VERIFIED,true,True,preserve,preserve,
H03-bitmix.c,string,llvm_full_strip,PRESERVATION_VERIFIED,true,True,preserve,preserve,
H03-bitmix.c,string,gnu_section_remove,PRESERVATION_VERIFIED,true,True,preserve,preserve,
H03-bitmix.c,string,llvm_section_remove,PRESERVATION_VERIFIED,true,True,preserve,preserve,
H03-bitmix.c,symbol,relocate,PRESERVATION_VERIFIED,true,True,preserve,preserve,
H03-bitmix.c,symbol,gnu_debug_strip,PRESERVATION_VERIFIED,true,True,preserve,preserve,
H03-bitmix.c,symbol,llvm_debug_strip,PRESERVATION_VERIFIED,true,True,preserve,preserve,
H03-bitmix.c,symbol,gnu_full_strip,REJECTION_ONLY,false,UNOBSERVED,reject,reject,absent
H03-bitmix.c,symbol,llvm_full_strip,REJECTION_ONLY,false,UNOBSERVED,reject,reject,absent
H03-bitmix.c,symbol,gnu_section_remove,PRESERVATION_VERIFIED,true,True,preserve,preserve,
H03-bitmix.c,symbol,llvm_section_remove,PRESERVATION_VERIFIED,true,True,preserve,preserve,
H03-bitmix.c,section,relocate,PRESERVATION_VERIFIED,true,True,preserve,preserve,
H03-bitmix.c,section,gnu_debug_strip,PRESERVATION_VERIFIED,true,True,preserve,preserve,
H03-bitmix.c,section,llvm_debug_strip,PRESERVATION_VERIFIED,true,True,preserve,preserve,
H03-bitmix.c,section,gnu_full_strip,PRESERVATION_VERIFIED,true,True,preserve,preserve,
H03-bitmix.c,section,llvm_full_strip,INCOMPATIBLE,false,UNOBSERVED,preserve,reject,absent
H03-bitmix.c,section,gnu_section_remove,REJECTION_ONLY,false,UNOBSERVED,reject,reject,absent
H03-bitmix.c,section,llvm_section_remove,REJECTION_ONLY,false,UNOBSERVED,reject,reject,absent
H04-polynomial.c,string,relocate,PRESERVATION_VERIFIED,true,True,preserve,preserve,
H04-polynomial.c,string,gnu_debug_strip,PRESERVATION_VERIFIED,true,True,preserve,preserve,
H04-polynomial.c,string,llvm_debug_strip,PRESERVATION_VERIFIED,true,True,preserve,preserve,
H04-polynomial.c,string,gnu_full_strip,PRESERVATION_VERIFIED,true,True,preserve,preserve,
H04-polynomial.c,string,llvm_full_strip,PRESERVATION_VERIFIED,true,True,preserve,preserve,
H04-polynomial.c,string,gnu_section_remove,PRESERVATION_VERIFIED,true,True,preserve,preserve,
H04-polynomial.c,string,llvm_section_remove,PRESERVATION_VERIFIED,true,True,preserve,preserve,
H04-polynomial.c,symbol,relocate,PRESERVATION_VERIFIED,true,True,preserve,preserve,
H04-polynomial.c,symbol,gnu_debug_strip,PRESERVATION_VERIFIED,true,True,preserve,preserve,
H04-polynomial.c,symbol,llvm_debug_strip,PRESERVATION_VERIFIED,true,True,preserve,preserve,
H04-polynomial.c,symbol,gnu_full_strip,REJECTION_ONLY,false,UNOBSERVED,reject,reject,absent
H04-polynomial.c,symbol,llvm_full_strip,REJECTION_ONLY,false,UNOBSERVED,reject,reject,absent
H04-polynomial.c,symbol,gnu_section_remove,PRESERVATION_VERIFIED,true,True,preserve,preserve,
H04-polynomial.c,symbol,llvm_section_remove,PRESERVATION_VERIFIED,true,True,preserve,preserve,
H04-polynomial.c,section,relocate,PRESERVATION_VERIFIED,true,True,preserve,preserve,
H04-polynomial.c,section,gnu_debug_strip,PRESERVATION_VERIFIED,true,True,preserve,preserve,
H04-polynomial.c,section,llvm_debug_strip,PRESERVATION_VERIFIED,true,True,preserve,preserve,
H04-polynomial.c,section,gnu_full_strip,PRESERVATION_VERIFIED,true,True,preserve,preserve,
H04-polynomial.c,section,llvm_full_strip,INCOMPATIBLE,false,UNOBSERVED,preserve,reject,absent
H04-polynomial.c,section,gnu_section_remove,REJECTION_ONLY,false,UNOBSERVED,reject,reject,absent
H04-polynomial.c,section,llvm_section_remove,REJECTION_ONLY,false,UNOBSERVED,reject,reject,absent
H05-crc.c,string,relocate,PRESERVATION_VERIFIED,true,True,preserve,preserve,
H05-crc.c,string,gnu_debug_strip,PRESERVATION_VERIFIED,true,True,preserve,preserve,
H05-crc.c,string,llvm_debug_strip,PRESERVATION_VERIFIED,true,True,preserve,preserve,
H05-crc.c,string,gnu_full_strip,PRESERVATION_VERIFIED,true,True,preserve,preserve,
H05-crc.c,string,llvm_full_strip,PRESERVATION_VERIFIED,true,True,preserve,preserve,
H05-crc.c,string,gnu_section_remove,PRESERVATION_VERIFIED,true,True,preserve,preserve,
H05-crc.c,string,llvm_section_remove,PRESERVATION_VERIFIED,true,True,preserve,preserve,
H05-crc.c,symbol,relocate,PRESERVATION_VERIFIED,true,True,preserve,preserve,
H05-crc.c,symbol,gnu_debug_strip,PRESERVATION_VERIFIED,true,True,preserve,preserve,
H05-crc.c,symbol,llvm_debug_strip,PRESERVATION_VERIFIED,true,True,preserve,preserve,
H05-crc.c,symbol,gnu_full_strip,REJECTION_ONLY,false,UNOBSERVED,reject,reject,absent
H05-crc.c,symbol,llvm_full_strip,REJECTION_ONLY,false,UNOBSERVED,reject,reject,absent
H05-crc.c,symbol,gnu_section_remove,PRESERVATION_VERIFIED,true,True,preserve,preserve,
H05-crc.c,symbol,llvm_section_remove,PRESERVATION_VERIFIED,true,True,preserve,preserve,
H05-crc.c,section,relocate,PRESERVATION_VERIFIED,true,True,preserve,preserve,
H05-crc.c,section,gnu_debug_strip,PRESERVATION_VERIFIED,true,True,preserve,preserve,
H05-crc.c,section,llvm_debug_strip,PRESERVATION_VERIFIED,true,True,preserve,preserve,
H05-crc.c,section,gnu_full_strip,PRESERVATION_VERIFIED,true,True,preserve,preserve,
H05-crc.c,section,llvm_full_strip,INCOMPATIBLE,false,UNOBSERVED,preserve,reject,absent
H05-crc.c,section,gnu_section_remove,REJECTION_ONLY,false,UNOBSERVED,reject,reject,absent
H05-crc.c,section,llvm_section_remove,REJECTION_ONLY,false,UNOBSERVED,reject,reject,absent
H06-primecount.c,string,relocate,PRESERVATION_VERIFIED,true,True,preserve,preserve,
H06-primecount.c,string,gnu_debug_strip,PRESERVATION_VERIFIED,true,True,preserve,preserve,
H06-primecount.c,string,llvm_debug_strip,PRESERVATION_VERIFIED,true,True,preserve,preserve,
H06-primecount.c,string,gnu_full_strip,PRESERVATION_VERIFIED,true,True,preserve,preserve,
H06-primecount.c,string,llvm_full_strip,PRESERVATION_VERIFIED,true,True,preserve,preserve,
H06-primecount.c,string,gnu_section_remove,PRESERVATION_VERIFIED,true,True,preserve,preserve,
H06-primecount.c,string,llvm_section_remove,PRESERVATION_VERIFIED,true,True,preserve,preserve,
H06-primecount.c,symbol,relocate,PRESERVATION_VERIFIED,true,True,preserve,preserve,
H06-primecount.c,symbol,gnu_debug_strip,PRESERVATION_VERIFIED,true,True,preserve,preserve,
H06-primecount.c,symbol,llvm_debug_strip,PRESERVATION_VERIFIED,true,True,preserve,preserve,
H06-primecount.c,symbol,gnu_full_strip,REJECTION_ONLY,false,UNOBSERVED,reject,reject,absent
H06-primecount.c,symbol,llvm_full_strip,REJECTION_ONLY,false,UNOBSERVED,reject,reject,absent
H06-primecount.c,symbol,gnu_section_remove,PRESERVATION_VERIFIED,true,True,preserve,preserve,
H06-primecount.c,symbol,llvm_section_remove,PRESERVATION_VERIFIED,true,True,preserve,preserve,
H06-primecount.c,section,relocate,PRESERVATION_VERIFIED,true,True,preserve,preserve,
H06-primecount.c,section,gnu_debug_strip,PRESERVATION_VERIFIED,true,True,preserve,preserve,
H06-primecount.c,section,llvm_debug_strip,PRESERVATION_VERIFIED,true,True,preserve,preserve,
H06-primecount.c,section,gnu_full_strip,PRESERVATION_VERIFIED,true,True,preserve,preserve,
H06-primecount.c,section,llvm_full_strip,INCOMPATIBLE,false,UNOBSERVED,preserve,reject,absent
H06-primecount.c,section,gnu_section_remove,REJECTION_ONLY,false,UNOBSERVED,reject,reject,absent
H06-primecount.c,section,llvm_section_remove,REJECTION_ONLY,false,UNOBSERVED,reject,reject,absent
H07-sortfold.c,string,relocate,PRESERVATION_VERIFIED,true,True,preserve,preserve,
H07-sortfold.c,string,gnu_debug_strip,PRESERVATION_VERIFIED,true,True,preserve,preserve,
H07-sortfold.c,string,llvm_debug_strip,PRESERVATION_VERIFIED,true,True,preserve,preserve,
H07-sortfold.c,string,gnu_full_strip,PRESERVATION_VERIFIED,true,True,preserve,preserve,
H07-sortfold.c,string,llvm_full_strip,PRESERVATION_VERIFIED,true,True,preserve,preserve,
H07-sortfold.c,string,gnu_section_remove,PRESERVATION_VERIFIED,true,True,preserve,preserve,
H07-sortfold.c,string,llvm_section_remove,PRESERVATION_VERIFIED,true,True,preserve,preserve,
H07-sortfold.c,symbol,relocate,PRESERVATION_VERIFIED,true,True,preserve,preserve,
H07-sortfold.c,symbol,gnu_debug_strip,PRESERVATION_VERIFIED,true,True,preserve,preserve,
H07-sortfold.c,symbol,llvm_debug_strip,PRESERVATION_VERIFIED,true,True,preserve,preserve,
H07-sortfold.c,symbol,gnu_full_strip,REJECTION_ONLY,false,UNOBSERVED,reject,reject,absent
H07-sortfold.c,symbol,llvm_full_strip,REJECTION_ONLY,false,UNOBSERVED,reject,reject,absent
H07-sortfold.c,symbol,gnu_section_remove,PRESERVATION_VERIFIED,true,True,preserve,preserve,
H07-sortfold.c,symbol,llvm_section_remove,PRESERVATION_VERIFIED,true,True,preserve,preserve,
H07-sortfold.c,section,relocate,PRESERVATION_VERIFIED,true,True,preserve,preserve,
H07-sortfold.c,section,gnu_debug_strip,PRESERVATION_VERIFIED,true,True,preserve,preserve,
H07-sortfold.c,section,llvm_debug_strip,PRESERVATION_VERIFIED,true,True,preserve,preserve,
H07-sortfold.c,section,gnu_full_strip,PRESERVATION_VERIFIED,true,True,preserve,preserve,
H07-sortfold.c,section,llvm_full_strip,INCOMPATIBLE,false,UNOBSERVED,preserve,reject,absent
H07-sortfold.c,section,gnu_section_remove,REJECTION_ONLY,false,UNOBSERVED,reject,reject,absent
H07-sortfold.c,section,llvm_section_remove,REJECTION_ONLY,false,UNOBSERVED,reject,reject,absent
H08-statemachine.c,string,relocate,PRESERVATION_VERIFIED,true,True,preserve,preserve,
H08-statemachine.c,string,gnu_debug_strip,PRESERVATION_VERIFIED,true,True,preserve,preserve,
H08-statemachine.c,string,llvm_debug_strip,PRESERVATION_VERIFIED,true,True,preserve,preserve,
H08-statemachine.c,string,gnu_full_strip,PRESERVATION_VERIFIED,true,True,preserve,preserve,
H08-statemachine.c,string,llvm_full_strip,PRESERVATION_VERIFIED,true,True,preserve,preserve,
H08-statemachine.c,string,gnu_section_remove,PRESERVATION_VERIFIED,true,True,preserve,preserve,
H08-statemachine.c,string,llvm_section_remove,PRESERVATION_VERIFIED,true,True,preserve,preserve,
H08-statemachine.c,symbol,relocate,PRESERVATION_VERIFIED,true,True,preserve,preserve,
H08-statemachine.c,symbol,gnu_debug_strip,PRESERVATION_VERIFIED,true,True,preserve,preserve,
H08-statemachine.c,symbol,llvm_debug_strip,PRESERVATION_VERIFIED,true,True,preserve,preserve,
H08-statemachine.c,symbol,gnu_full_strip,REJECTION_ONLY,false,UNOBSERVED,reject,reject,absent
H08-statemachine.c,symbol,llvm_full_strip,REJECTION_ONLY,false,UNOBSERVED,reject,reject,absent
H08-statemachine.c,symbol,gnu_section_remove,PRESERVATION_VERIFIED,true,True,preserve,preserve,
H08-statemachine.c,symbol,llvm_section_remove,PRESERVATION_VERIFIED,true,True,preserve,preserve,
H08-statemachine.c,section,relocate,PRESERVATION_VERIFIED,true,True,preserve,preserve,
H08-statemachine.c,section,gnu_debug_strip,PRESERVATION_VERIFIED,true,True,preserve,preserve,
H08-statemachine.c,section,llvm_debug_strip,PRESERVATION_VERIFIED,true,True,preserve,preserve,
H08-statemachine.c,section,gnu_full_strip,PRESERVATION_VERIFIED,true,True,preserve,preserve,
H08-statemachine.c,section,llvm_full_strip,INCOMPATIBLE,false,UNOBSERVED,preserve,reject,absent
H08-statemachine.c,section,gnu_section_remove,REJECTION_ONLY,false,UNOBSERVED,reject,reject,absent
H08-statemachine.c,section,llvm_section_remove,REJECTION_ONLY,false,UNOBSERVED,reject,reject,absent
H09-matrix.c,string,relocate,PRESERVATION_VERIFIED,true,True,preserve,preserve,
H09-matrix.c,string,gnu_debug_strip,PRESERVATION_VERIFIED,true,True,preserve,preserve,
H09-matrix.c,string,llvm_debug_strip,PRESERVATION_VERIFIED,true,True,preserve,preserve,
H09-matrix.c,string,gnu_full_strip,PRESERVATION_VERIFIED,true,True,preserve,preserve,
H09-matrix.c,string,llvm_full_strip,PRESERVATION_VERIFIED,true,True,preserve,preserve,
H09-matrix.c,string,gnu_section_remove,PRESERVATION_VERIFIED,true,True,preserve,preserve,
H09-matrix.c,string,llvm_section_remove,PRESERVATION_VERIFIED,true,True,preserve,preserve,
H09-matrix.c,symbol,relocate,PRESERVATION_VERIFIED,true,True,preserve,preserve,
H09-matrix.c,symbol,gnu_debug_strip,PRESERVATION_VERIFIED,true,True,preserve,preserve,
H09-matrix.c,symbol,llvm_debug_strip,PRESERVATION_VERIFIED,true,True,preserve,preserve,
H09-matrix.c,symbol,gnu_full_strip,REJECTION_ONLY,false,UNOBSERVED,reject,reject,absent
H09-matrix.c,symbol,llvm_full_strip,REJECTION_ONLY,false,UNOBSERVED,reject,reject,absent
H09-matrix.c,symbol,gnu_section_remove,PRESERVATION_VERIFIED,true,True,preserve,preserve,
H09-matrix.c,symbol,llvm_section_remove,PRESERVATION_VERIFIED,true,True,preserve,preserve,
H09-matrix.c,section,relocate,PRESERVATION_VERIFIED,true,True,preserve,preserve,
H09-matrix.c,section,gnu_debug_strip,PRESERVATION_VERIFIED,true,True,preserve,preserve,
H09-matrix.c,section,llvm_debug_strip,PRESERVATION_VERIFIED,true,True,preserve,preserve,
H09-matrix.c,section,gnu_full_strip,PRESERVATION_VERIFIED,true,True,preserve,preserve,
H09-matrix.c,section,llvm_full_strip,INCOMPATIBLE,false,UNOBSERVED,preserve,reject,absent
H09-matrix.c,section,gnu_section_remove,REJECTION_ONLY,false,UNOBSERVED,reject,reject,absent
H09-matrix.c,section,llvm_section_remove,REJECTION_ONLY,false,UNOBSERVED,reject,reject,absent
H10-parser.c,string,relocate,PRESERVATION_VERIFIED,true,True,preserve,preserve,
H10-parser.c,string,gnu_debug_strip,PRESERVATION_VERIFIED,true,True,preserve,preserve,
H10-parser.c,string,llvm_debug_strip,PRESERVATION_VERIFIED,true,True,preserve,preserve,
H10-parser.c,string,gnu_full_strip,PRESERVATION_VERIFIED,true,True,preserve,preserve,
H10-parser.c,string,llvm_full_strip,PRESERVATION_VERIFIED,true,True,preserve,preserve,
H10-parser.c,string,gnu_section_remove,PRESERVATION_VERIFIED,true,True,preserve,preserve,
H10-parser.c,string,llvm_section_remove,PRESERVATION_VERIFIED,true,True,preserve,preserve,
H10-parser.c,symbol,relocate,PRESERVATION_VERIFIED,true,True,preserve,preserve,
H10-parser.c,symbol,gnu_debug_strip,PRESERVATION_VERIFIED,true,True,preserve,preserve,
H10-parser.c,symbol,llvm_debug_strip,PRESERVATION_VERIFIED,true,True,preserve,preserve,
H10-parser.c,symbol,gnu_full_strip,REJECTION_ONLY,false,UNOBSERVED,reject,reject,absent
H10-parser.c,symbol,llvm_full_strip,REJECTION_ONLY,false,UNOBSERVED,reject,reject,absent
H10-parser.c,symbol,gnu_section_remove,PRESERVATION_VERIFIED,true,True,preserve,preserve,
H10-parser.c,symbol,llvm_section_remove,PRESERVATION_VERIFIED,true,True,preserve,preserve,
H10-parser.c,section,relocate,PRESERVATION_VERIFIED,true,True,preserve,preserve,
H10-parser.c,section,gnu_debug_strip,PRESERVATION_VERIFIED,true,True,preserve,preserve,
H10-parser.c,section,llvm_debug_strip,PRESERVATION_VERIFIED,true,True,preserve,preserve,
H10-parser.c,section,gnu_full_strip,PRESERVATION_VERIFIED,true,True,preserve,preserve,
H10-parser.c,section,llvm_full_strip,INCOMPATIBLE,false,UNOBSERVED,preserve,reject,absent
H10-parser.c,section,gnu_section_remove,REJECTION_ONLY,false,UNOBSERVED,reject,reject,absent
H10-parser.c,section,llvm_section_remove,REJECTION_ONLY,false,UNOBSERVED,reject,reject,absent
H11-popcount.c,string,relocate,PRESERVATION_VERIFIED,true,True,preserve,preserve,
H11-popcount.c,string,gnu_debug_strip,PRESERVATION_VERIFIED,true,True,preserve,preserve,
H11-popcount.c,string,llvm_debug_strip,PRESERVATION_VERIFIED,true,True,preserve,preserve,
H11-popcount.c,string,gnu_full_strip,PRESERVATION_VERIFIED,true,True,preserve,preserve,
H11-popcount.c,string,llvm_full_strip,PRESERVATION_VERIFIED,true,True,preserve,preserve,
H11-popcount.c,string,gnu_section_remove,PRESERVATION_VERIFIED,true,True,preserve,preserve,
H11-popcount.c,string,llvm_section_remove,PRESERVATION_VERIFIED,true,True,preserve,preserve,
H11-popcount.c,symbol,relocate,PRESERVATION_VERIFIED,true,True,preserve,preserve,
H11-popcount.c,symbol,gnu_debug_strip,PRESERVATION_VERIFIED,true,True,preserve,preserve,
H11-popcount.c,symbol,llvm_debug_strip,PRESERVATION_VERIFIED,true,True,preserve,preserve,
H11-popcount.c,symbol,gnu_full_strip,REJECTION_ONLY,false,UNOBSERVED,reject,reject,absent
H11-popcount.c,symbol,llvm_full_strip,REJECTION_ONLY,false,UNOBSERVED,reject,reject,absent
H11-popcount.c,symbol,gnu_section_remove,PRESERVATION_VERIFIED,true,True,preserve,preserve,
H11-popcount.c,symbol,llvm_section_remove,PRESERVATION_VERIFIED,true,True,preserve,preserve,
H11-popcount.c,section,relocate,PRESERVATION_VERIFIED,true,True,preserve,preserve,
H11-popcount.c,section,gnu_debug_strip,PRESERVATION_VERIFIED,true,True,preserve,preserve,
H11-popcount.c,section,llvm_debug_strip,PRESERVATION_VERIFIED,true,True,preserve,preserve,
H11-popcount.c,section,gnu_full_strip,PRESERVATION_VERIFIED,true,True,preserve,preserve,
H11-popcount.c,section,llvm_full_strip,INCOMPATIBLE,false,UNOBSERVED,preserve,reject,absent
H11-popcount.c,section,gnu_section_remove,REJECTION_ONLY,false,UNOBSERVED,reject,reject,absent
H11-popcount.c,section,llvm_section_remove,REJECTION_ONLY,false,UNOBSERVED,reject,reject,absent
H12-lcg.c,string,relocate,PRESERVATION_VERIFIED,true,True,preserve,preserve,
H12-lcg.c,string,gnu_debug_strip,PRESERVATION_VERIFIED,true,True,preserve,preserve,
H12-lcg.c,string,llvm_debug_strip,PRESERVATION_VERIFIED,true,True,preserve,preserve,
H12-lcg.c,string,gnu_full_strip,PRESERVATION_VERIFIED,true,True,preserve,preserve,
H12-lcg.c,string,llvm_full_strip,PRESERVATION_VERIFIED,true,True,preserve,preserve,
H12-lcg.c,string,gnu_section_remove,PRESERVATION_VERIFIED,true,True,preserve,preserve,
H12-lcg.c,string,llvm_section_remove,PRESERVATION_VERIFIED,true,True,preserve,preserve,
H12-lcg.c,symbol,relocate,PRESERVATION_VERIFIED,true,True,preserve,preserve,
H12-lcg.c,symbol,gnu_debug_strip,PRESERVATION_VERIFIED,true,True,preserve,preserve,
H12-lcg.c,symbol,llvm_debug_strip,PRESERVATION_VERIFIED,true,True,preserve,preserve,
H12-lcg.c,symbol,gnu_full_strip,REJECTION_ONLY,false,UNOBSERVED,reject,reject,absent
H12-lcg.c,symbol,llvm_full_strip,REJECTION_ONLY,false,UNOBSERVED,reject,reject,absent
H12-lcg.c,symbol,gnu_section_remove,PRESERVATION_VERIFIED,true,True,preserve,preserve,
H12-lcg.c,symbol,llvm_section_remove,PRESERVATION_VERIFIED,true,True,preserve,preserve,
H12-lcg.c,section,relocate,PRESERVATION_VERIFIED,true,True,preserve,preserve,
H12-lcg.c,section,gnu_debug_strip,PRESERVATION_VERIFIED,true,True,preserve,preserve,
H12-lcg.c,section,llvm_debug_strip,PRESERVATION_VERIFIED,true,True,preserve,preserve,
H12-lcg.c,section,gnu_full_strip,PRESERVATION_VERIFIED,true,True,preserve,preserve,
H12-lcg.c,section,llvm_full_strip,INCOMPATIBLE,false,UNOBSERVED,preserve,reject,absent
H12-lcg.c,section,gnu_section_remove,REJECTION_ONLY,false,UNOBSERVED,reject,reject,absent
H12-lcg.c,section,llvm_section_remove,REJECTION_ONLY,false,UNOBSERVED,reject,reject,absent
H13-zlib.c,string,relocate,PRESERVATION_VERIFIED,true,True,preserve,preserve,
H13-zlib.c,string,gnu_debug_strip,PRESERVATION_VERIFIED,true,True,preserve,preserve,
H13-zlib.c,string,llvm_debug_strip,PRESERVATION_VERIFIED,true,True,preserve,preserve,
H13-zlib.c,string,gnu_full_strip,PRESERVATION_VERIFIED,true,True,preserve,preserve,
H13-zlib.c,string,llvm_full_strip,PRESERVATION_VERIFIED,true,True,preserve,preserve,
H13-zlib.c,string,gnu_section_remove,PRESERVATION_VERIFIED,true,True,preserve,preserve,
H13-zlib.c,string,llvm_section_remove,PRESERVATION_VERIFIED,true,True,preserve,preserve,
H13-zlib.c,symbol,relocate,PRESERVATION_VERIFIED,true,True,preserve,preserve,
H13-zlib.c,symbol,gnu_debug_strip,PRESERVATION_VERIFIED,true,True,preserve,preserve,
H13-zlib.c,symbol,llvm_debug_strip,PRESERVATION_VERIFIED,true,True,preserve,preserve,
H13-zlib.c,symbol,gnu_full_strip,REJECTION_ONLY,false,UNOBSERVED,reject,reject,absent
H13-zlib.c,symbol,llvm_full_strip,REJECTION_ONLY,false,UNOBSERVED,reject,reject,absent
H13-zlib.c,symbol,gnu_section_remove,PRESERVATION_VERIFIED,true,True,preserve,preserve,
H13-zlib.c,symbol,llvm_section_remove,PRESERVATION_VERIFIED,true,True,preserve,preserve,
H13-zlib.c,section,relocate,PRESERVATION_VERIFIED,true,True,preserve,preserve,
H13-zlib.c,section,gnu_debug_strip,PRESERVATION_VERIFIED,true,True,preserve,preserve,
H13-zlib.c,section,llvm_debug_strip,PRESERVATION_VERIFIED,true,True,preserve,preserve,
H13-zlib.c,section,gnu_full_strip,PRESERVATION_VERIFIED,true,True,preserve,preserve,
H13-zlib.c,section,llvm_full_strip,INCOMPATIBLE,false,UNOBSERVED,preserve,reject,absent
H13-zlib.c,section,gnu_section_remove,REJECTION_ONLY,false,UNOBSERVED,reject,reject,absent
H13-zlib.c,section,llvm_section_remove,REJECTION_ONLY,false,UNOBSERVED,reject,reject,absent
H14-openssl.c,string,relocate,PRESERVATION_VERIFIED,true,True,preserve,preserve,
H14-openssl.c,string,gnu_debug_strip,PRESERVATION_VERIFIED,true,True,preserve,preserve,
H14-openssl.c,string,llvm_debug_strip,PRESERVATION_VERIFIED,true,True,preserve,preserve,
H14-openssl.c,string,gnu_full_strip,PRESERVATION_VERIFIED,true,True,preserve,preserve,
H14-openssl.c,string,llvm_full_strip,PRESERVATION_VERIFIED,true,True,preserve,preserve,
H14-openssl.c,string,gnu_section_remove,PRESERVATION_VERIFIED,true,True,preserve,preserve,
H14-openssl.c,string,llvm_section_remove,PRESERVATION_VERIFIED,true,True,preserve,preserve,
H14-openssl.c,symbol,relocate,PRESERVATION_VERIFIED,true,True,preserve,preserve,
H14-openssl.c,symbol,gnu_debug_strip,PRESERVATION_VERIFIED,true,True,preserve,preserve,
H14-openssl.c,symbol,llvm_debug_strip,PRESERVATION_VERIFIED,true,True,preserve,preserve,
H14-openssl.c,symbol,gnu_full_strip,REJECTION_ONLY,false,UNOBSERVED,reject,reject,absent
H14-openssl.c,symbol,llvm_full_strip,REJECTION_ONLY,false,UNOBSERVED,reject,reject,absent
H14-openssl.c,symbol,gnu_section_remove,PRESERVATION_VERIFIED,true,True,preserve,preserve,
H14-openssl.c,symbol,llvm_section_remove,PRESERVATION_VERIFIED,true,True,preserve,preserve,
H14-openssl.c,section,relocate,PRESERVATION_VERIFIED,true,True,preserve,preserve,
H14-openssl.c,section,gnu_debug_strip,PRESERVATION_VERIFIED,true,True,preserve,preserve,
H14-openssl.c,section,llvm_debug_strip,PRESERVATION_VERIFIED,true,True,preserve,preserve,
H14-openssl.c,section,gnu_full_strip,PRESERVATION_VERIFIED,true,True,preserve,preserve,
H14-openssl.c,section,llvm_full_strip,INCOMPATIBLE,false,UNOBSERVED,preserve,reject,absent
H14-openssl.c,section,gnu_section_remove,REJECTION_ONLY,false,UNOBSERVED,reject,reject,absent
H14-openssl.c,section,llvm_section_remove,REJECTION_ONLY,false,UNOBSERVED,reject,reject,absent
H15-sqlite.c,string,relocate,PRESERVATION_VERIFIED,true,True,preserve,preserve,
H15-sqlite.c,string,gnu_debug_strip,PRESERVATION_VERIFIED,true,True,preserve,preserve,
H15-sqlite.c,string,llvm_debug_strip,PRESERVATION_VERIFIED,true,True,preserve,preserve,
H15-sqlite.c,string,gnu_full_strip,PRESERVATION_VERIFIED,true,True,preserve,preserve,
H15-sqlite.c,string,llvm_full_strip,PRESERVATION_VERIFIED,true,True,preserve,preserve,
H15-sqlite.c,string,gnu_section_remove,PRESERVATION_VERIFIED,true,True,preserve,preserve,
H15-sqlite.c,string,llvm_section_remove,PRESERVATION_VERIFIED,true,True,preserve,preserve,
H15-sqlite.c,symbol,relocate,PRESERVATION_VERIFIED,true,True,preserve,preserve,
H15-sqlite.c,symbol,gnu_debug_strip,PRESERVATION_VERIFIED,true,True,preserve,preserve,
H15-sqlite.c,symbol,llvm_debug_strip,PRESERVATION_VERIFIED,true,True,preserve,preserve,
H15-sqlite.c,symbol,gnu_full_strip,REJECTION_ONLY,false,UNOBSERVED,reject,reject,absent
H15-sqlite.c,symbol,llvm_full_strip,REJECTION_ONLY,false,UNOBSERVED,reject,reject,absent
H15-sqlite.c,symbol,gnu_section_remove,PRESERVATION_VERIFIED,true,True,preserve,preserve,
H15-sqlite.c,symbol,llvm_section_remove,PRESERVATION_VERIFIED,true,True,preserve,preserve,
H15-sqlite.c,section,relocate,PRESERVATION_VERIFIED,true,True,preserve,preserve,
H15-sqlite.c,section,gnu_debug_strip,PRESERVATION_VERIFIED,true,True,preserve,preserve,
H15-sqlite.c,section,llvm_debug_strip,PRESERVATION_VERIFIED,true,True,preserve,preserve,
H15-sqlite.c,section,gnu_full_strip,PRESERVATION_VERIFIED,true,True,preserve,preserve,
H15-sqlite.c,section,llvm_full_strip,INCOMPATIBLE,false,UNOBSERVED,preserve,reject,absent
H15-sqlite.c,section,gnu_section_remove,REJECTION_ONLY,false,UNOBSERVED,reject,reject,absent
H15-sqlite.c,section,llvm_section_remove,REJECTION_ONLY,false,UNOBSERVED,reject,reject,absent
H16-xml.c,string,relocate,PRESERVATION_VERIFIED,true,True,preserve,preserve,
H16-xml.c,string,gnu_debug_strip,PRESERVATION_VERIFIED,true,True,preserve,preserve,
H16-xml.c,string,llvm_debug_strip,PRESERVATION_VERIFIED,true,True,preserve,preserve,
H16-xml.c,string,gnu_full_strip,PRESERVATION_VERIFIED,true,True,preserve,preserve,
H16-xml.c,string,llvm_full_strip,PRESERVATION_VERIFIED,true,True,preserve,preserve,
H16-xml.c,string,gnu_section_remove,PRESERVATION_VERIFIED,true,True,preserve,preserve,
H16-xml.c,string,llvm_section_remove,PRESERVATION_VERIFIED,true,True,preserve,preserve,
H16-xml.c,symbol,relocate,PRESERVATION_VERIFIED,true,True,preserve,preserve,
H16-xml.c,symbol,gnu_debug_strip,PRESERVATION_VERIFIED,true,True,preserve,preserve,
H16-xml.c,symbol,llvm_debug_strip,PRESERVATION_VERIFIED,true,True,preserve,preserve,
H16-xml.c,symbol,gnu_full_strip,REJECTION_ONLY,false,UNOBSERVED,reject,reject,absent
H16-xml.c,symbol,llvm_full_strip,REJECTION_ONLY,false,UNOBSERVED,reject,reject,absent
H16-xml.c,symbol,gnu_section_remove,PRESERVATION_VERIFIED,true,True,preserve,preserve,
H16-xml.c,symbol,llvm_section_remove,PRESERVATION_VERIFIED,true,True,preserve,preserve,
H16-xml.c,section,relocate,PRESERVATION_VERIFIED,true,True,preserve,preserve,
H16-xml.c,section,gnu_debug_strip,PRESERVATION_VERIFIED,true,True,preserve,preserve,
H16-xml.c,section,llvm_debug_strip,PRESERVATION_VERIFIED,true,True,preserve,preserve,
H16-xml.c,section,gnu_full_strip,PRESERVATION_VERIFIED,true,True,preserve,preserve,
H16-xml.c,section,llvm_full_strip,INCOMPATIBLE,false,UNOBSERVED,preserve,reject,absent
H16-xml.c,section,gnu_section_remove,REJECTION_ONLY,false,UNOBSERVED,reject,reject,absent
H16-xml.c,section,llvm_section_remove,REJECTION_ONLY,false,UNOBSERVED,reject,reject,absent
H17-json.c,string,relocate,PRESERVATION_VERIFIED,true,True,preserve,preserve,
H17-json.c,string,gnu_debug_strip,PRESERVATION_VERIFIED,true,True,preserve,preserve,
H17-json.c,string,llvm_debug_strip,PRESERVATION_VERIFIED,true,True,preserve,preserve,
H17-json.c,string,gnu_full_strip,PRESERVATION_VERIFIED,true,True,preserve,preserve,
H17-json.c,string,llvm_full_strip,PRESERVATION_VERIFIED,true,True,preserve,preserve,
H17-json.c,string,gnu_section_remove,PRESERVATION_VERIFIED,true,True,preserve,preserve,
H17-json.c,string,llvm_section_remove,PRESERVATION_VERIFIED,true,True,preserve,preserve,
H17-json.c,symbol,relocate,PRESERVATION_VERIFIED,true,True,preserve,preserve,
H17-json.c,symbol,gnu_debug_strip,PRESERVATION_VERIFIED,true,True,preserve,preserve,
H17-json.c,symbol,llvm_debug_strip,PRESERVATION_VERIFIED,true,True,preserve,preserve,
H17-json.c,symbol,gnu_full_strip,REJECTION_ONLY,false,UNOBSERVED,reject,reject,absent
H17-json.c,symbol,llvm_full_strip,REJECTION_ONLY,false,UNOBSERVED,reject,reject,absent
H17-json.c,symbol,gnu_section_remove,PRESERVATION_VERIFIED,true,True,preserve,preserve,
H17-json.c,symbol,llvm_section_remove,PRESERVATION_VERIFIED,true,True,preserve,preserve,
H17-json.c,section,relocate,PRESERVATION_VERIFIED,true,True,preserve,preserve,
H17-json.c,section,gnu_debug_strip,PRESERVATION_VERIFIED,true,True,preserve,preserve,
H17-json.c,section,llvm_debug_strip,PRESERVATION_VERIFIED,true,True,preserve,preserve,
H17-json.c,section,gnu_full_strip,PRESERVATION_VERIFIED,true,True,preserve,preserve,
H17-json.c,section,llvm_full_strip,INCOMPATIBLE,false,UNOBSERVED,preserve,reject,absent
H17-json.c,section,gnu_section_remove,REJECTION_ONLY,false,UNOBSERVED,reject,reject,absent
H17-json.c,section,llvm_section_remove,REJECTION_ONLY,false,UNOBSERVED,reject,reject,absent
H18-png.c,string,relocate,PRESERVATION_VERIFIED,true,True,preserve,preserve,
H18-png.c,string,gnu_debug_strip,PRESERVATION_VERIFIED,true,True,preserve,preserve,
H18-png.c,string,llvm_debug_strip,PRESERVATION_VERIFIED,true,True,preserve,preserve,
H18-png.c,string,gnu_full_strip,PRESERVATION_VERIFIED,true,True,preserve,preserve,
H18-png.c,string,llvm_full_strip,PRESERVATION_VERIFIED,true,True,preserve,preserve,
H18-png.c,string,gnu_section_remove,PRESERVATION_VERIFIED,true,True,preserve,preserve,
H18-png.c,string,llvm_section_remove,PRESERVATION_VERIFIED,true,True,preserve,preserve,
H18-png.c,symbol,relocate,PRESERVATION_VERIFIED,true,True,preserve,preserve,
H18-png.c,symbol,gnu_debug_strip,PRESERVATION_VERIFIED,true,True,preserve,preserve,
H18-png.c,symbol,llvm_debug_strip,PRESERVATION_VERIFIED,true,True,preserve,preserve,
H18-png.c,symbol,gnu_full_strip,REJECTION_ONLY,false,UNOBSERVED,reject,reject,absent
H18-png.c,symbol,llvm_full_strip,REJECTION_ONLY,false,UNOBSERVED,reject,reject,absent
H18-png.c,symbol,gnu_section_remove,PRESERVATION_VERIFIED,true,True,preserve,preserve,
H18-png.c,symbol,llvm_section_remove,PRESERVATION_VERIFIED,true,True,preserve,preserve,
H18-png.c,section,relocate,PRESERVATION_VERIFIED,true,True,preserve,preserve,
H18-png.c,section,gnu_debug_strip,PRESERVATION_VERIFIED,true,True,preserve,preserve,
H18-png.c,section,llvm_debug_strip,PRESERVATION_VERIFIED,true,True,preserve,preserve,
H18-png.c,section,gnu_full_strip,PRESERVATION_VERIFIED,true,True,preserve,preserve,
H18-png.c,section,llvm_full_strip,INCOMPATIBLE,false,UNOBSERVED,preserve,reject,absent
H18-png.c,section,gnu_section_remove,REJECTION_ONLY,false,UNOBSERVED,reject,reject,absent
H18-png.c,section,llvm_section_remove,REJECTION_ONLY,false,UNOBSERVED,reject,reject,absent
